time,open,close,high,low,volume
1617608880000,2013.671216,2013.671216,2014.2,2012.4,0.006
1617608940000,2013.7,2014.6,2016.0221568,2013.671216,0.0
1617609000000,2016.0,2015.3,2016.8,2013.69178787,0.006
1617609060000,2016.1,2016.0,2017.0,2015.1,0.0028000000000000004
1617609120000,2016.2934192,2016.5,2017.2,2015.1020991,0.008239999999999999
1617609180000,2016.8,2016.8,2017.9,2015.3,0.01172
1617609240000,2016.98251631,2017.3,2018.9,2016.0,0.008280000000000001
1617609300000,2017.4,2017.9,2019.1,2016.1,0.01625385
1617609360000,2017.9,2018.7,2019.2,2017.2,0.008495560000000003
1617609420000,2019.1,2018.72371617,2019.3,2017.3,0.0408506
1617609480000,2019.2,2019.3,2020.1,2017.4,0.009149399999999995
1617609540000,2019.3,2020.1,2020.3,2017.9,0.04085060000000001
1617609600000,2019.55526514,2020.1,2021.2,2019.1,0.009149399999999995
1617609660000,2020.1,2020.2,2021.3,2019.55526514,0.04085060000000001
1617609720000,2020.3,2020.3,2021.39345096,2020.0,0.009149399999999995
1617609780000,2020.3,2020.6,2021.9,2020.1,0.04085060000000001
1617609840000,2020.3,2020.9,2022.0,2020.1,0.009149399999999995
1617609900000,2020.3,2021.0,2022.1,2020.2,0.04085060000000001
1617609960000,2021.1,2021.1,2022.1,2020.3,0.009149399999999995
1617610020000,2021.1634688,2021.1,2022.2,2020.3,0.04085060000000001
1617610080000,2021.39345096,2021.2,2022.4,2020.3,0.009149399999999995
1617610140000,2021.5,2021.4,2022.5,2020.3,0.04085060000000001
1617610200000,2021.8,2021.8,2022.8,2020.9,0.009149399999999995
1617610260000,2022.0,2022.1,2022.8,2021.1,0.04085060000000001
1617610320000,2022.1,2022.4,2022.9,2021.1,0.009149399999999995
1617610380000,2022.1,2022.5,2022.9,2021.1634688,0.047621050000000005
1617610440000,2022.1,2022.5324544,2022.9,2021.2,0.01697895
1617610500000,2022.2,2022.8,2022.9,2021.5,0.05240751000000001
1617610560000,2022.3,2022.9,2023.3,2021.8,0.019207249999999988
1617610620000,2022.55511717,2022.9,2023.4,2021.8,0.05678668000000001
1617610680000,2022.6,2022.9,2023.5,2022.1,0.019352489999999993
1617610740000,2022.7,2023.1,2024.069608,2022.2,0.07114751
1617610800000,2022.8,2023.2,2024.0955345,2022.3,0.028852489999999995
1617610860000,2022.9,2023.4,2024.4,2022.51677505,0.07114751000000001
1617610920000,2022.9,2023.5,2024.45373491,2022.5324544,0.028852489999999995
1617610980000,2023.10406722,2023.5,2024.5,2022.55511717,0.07114751000000001
1617611040000,2023.3,2024.0,2024.5,2022.6,0.028852489999999995
1617611100000,2023.4,2024.069608,2024.5,2022.7,0.07114751000000001
1617611160000,2023.8,2024.0955345,2024.7,2022.9,0.028852489999999995
1617611220000,2024.1,2024.1,2024.8,2023.1,0.07114751000000001
1617611280000,2024.3,2024.2,2024.8,2023.2,0.028852489999999995
1617611340000,2024.5,2024.3,2024.80042586,2023.22152565,0.07114751000000001
1617611400000,2024.7,2024.3932299,2024.9,2023.8,0.028852489999999995
1617611460000,2024.7,2024.45373491,2024.9,2023.9,0.07114751000000001
1617611520000,2024.8,2024.5,2025.1,2024.1,0.028852489999999995
1617611580000,2024.9,2024.9,2025.2,2024.1,0.07114751000000001
1617611640000,2024.9,2024.9,2025.3,2024.2,0.03217389
1617611700000,2025.1,2024.9,2025.7,2024.3,0.07662611000000001
1617611760000,2025.2,2025.0,2025.8,2024.3,0.03926771
1617611820000,2025.2,2025.1,2025.9,2024.6,0.07706429000000001
1617611880000,2025.28672783,2025.2,2025.9,2024.7,0.045533569999999995
1617611940000,2025.3,2025.2,2026.1,2024.9,0.07707724
1617612000000,2025.4,2025.3,2026.19872529,2024.9,0.04932676000000001
1617612060000,2025.4,2025.5,2026.2,2024.9,0.08193932
1617612120000,2025.4,2025.6,2026.6,2025.0,0.050332680000000005
1617612180000,2025.5,2025.6,2026.7,2025.1,0.08394882999999999
1617612240000,2025.9,2025.9,2026.9,2025.2,0.06605117
1617612300000,2026.0,2025.9,2026.9,2025.2,0.08394882999999999
1617612360000,2026.1,2025.9,2026.9,2025.2,0.06605117000000003
1617612420000,2026.1,2026.1,2026.9,2025.3,0.08394882999999999
1617612480000,2026.2,2026.19215711,2027.0,2025.37785969,0.06605117000000003
1617612540000,2026.4,2026.2,2027.1,2025.46520246,0.08394882999999999
1617612600000,2026.4,2026.3,2027.1,2025.5,0.06605117000000003
1617612660000,2026.5,2026.7,2027.2,2025.5,0.08440139999999997
1617612720000,2026.5,2026.8,2027.2,2025.8,0.06927703000000003
1617612780000,2026.66197153,2026.9,2027.4,2025.9,0.08772296999999997
1617612840000,2026.7,2026.9,2027.5,2025.9,0.07527703000000004
1617612900000,2026.8,2026.9,2027.8,2026.1,0.09177208999999996
1617612960000,2026.9,2026.9,2027.8,2026.15736328,0.08095521000000004
1617613020000,2027.1,2027.0,2027.8,2026.19215711,0.09906919999999995
1617613080000,2027.1,2027.1,2027.9,2026.2,0.08401233000000004
1617613140000,2027.2,2027.2,2027.9,2026.4,0.10347992999999998
1617613200000,2027.3,2027.3,2027.9,2026.4,0.08611198000000002
1617613260000,2027.4,2027.45003612,2027.9,2026.5,0.10423894999999998
1617613320000,2027.6,2027.5,2028.0,2026.5,0.08638079000000003
1617613380000,2027.8,2027.5,2028.2,2026.6,0.10621920999999997
1617613440000,2027.8,2027.9,2028.6,2026.7,0.09378079000000004
1617613500000,2027.8,2027.9,2028.7,2027.1,0.10621920999999997
1617613560000,2027.8,2028.0,2028.8,2027.3,0.09388079000000003
1617613620000,2027.8,2028.1054985,2028.9,2027.3,0.11281920999999996
1617613680000,2027.81547538,2028.2,2028.9,2027.4,0.09396680000000006
1617613740000,2027.8740096,2028.6,2028.9,2027.4,0.12012684999999994
1617613800000,2028.0,2028.6,2029.0,2027.5,0.10238681000000006
1617613860000,2028.1,2028.7,2029.3,2027.6,0.12453982999999995
1617613920000,2028.31462853,2028.9,2029.4,2027.8,0.10816974000000003
1617613980000,2028.5,2028.9,2029.9,2027.81547538,0.13038035999999997
1617614040000,2028.5,2028.9,2030.0,2028.0374417,0.11961964000000003
1617614100000,2028.8,2029.1,2030.3,2028.1,0.13038035999999997
1617614160000,2028.9,2029.3,2030.3,2028.4,0.11961964000000003
1617614220000,2029.2,2029.4,2030.6,2028.5,0.13038035999999997
1617614280000,2029.51488384,2030.3,2030.7,2028.8,0.11961964000000003
1617614340000,2029.7,2030.3,2030.8,2029.1,0.13038035999999997
1617614400000,2029.9655376,2030.6,2031.8638594,2029.2,0.12531964
1617614460000,2030.0431488,2030.7,2031.9,2029.51488384,0.16275247999999998
1617614520000,2030.3,2031.2,2031.9,2029.6,0.12774965000000005
1617614580000,2030.4,2031.8,2032.4,2030.4,0.17159407
1617614640000,2031.1,2033.71320781,2034.3,2030.9,0.12840593
1617614700000,2033.6,2033.9,2034.3,2032.9,0.17159407
1617614760000,2033.8,2034.0,2034.30034136,2033.2,0.12840593
1617614820000,2033.9,2034.2,2034.5,2033.6,0.17159407
1617614880000,2034.17183225,2034.2,2034.6,2033.6,0.13972703000000003
1617614940000,2034.3,2034.30034136,2034.6,2033.6,0.17175181
1617615000000,2034.3,2034.5,2034.8424924,2033.8,0.16226993
1617615060000,2034.3,2034.6,2034.9,2034.0,0.17527520000000002
1617615120000,2034.3,2034.6,2035.0,2034.1,0.16374940999999998
1617615180000,2034.6,2034.7,2035.0,2034.2,0.1755639
1617615240000,2034.6,2034.7,2035.1,2034.2,0.1653231
1617615300000,2034.8424924,2034.8,2035.1,2034.2,0.17677690000000001
1617615360000,2034.9,2034.8,2035.1,2034.3,0.1684772
1617615420000,2035.0,2035.0,2035.3,2034.6,0.17932109000000002
1617615480000,2035.0,2035.0,2035.4,2034.6,0.17067890999999996
1617615540000,2035.1,2035.0,2035.6,2034.7,0.18553466000000002
1617615600000,2035.1,2035.1,2035.7,2034.7,0.17175289
1617615660000,2035.1,2035.1,2036.3,2034.8,0.19074711
1617615720000,2035.1,2035.11145778,2036.4,2035.0,0.17552008000000002
1617615780000,2035.2,2035.2,2036.4,2035.0,0.19328258999999998
1617615840000,2035.3,2035.4,2036.4,2035.0,0.18724782
1617615900000,2035.3,2035.70706953,2036.4,2035.1,0.19419242999999997
1617615960000,2035.8,2036.1518694,2036.5,2035.3,0.19241557000000004
1617616020000,2036.16853651,2036.3,2036.9,2035.3,0.19758442999999998
1617616080000,2036.3,2036.4,2037.0,2035.6,0.20241557000000004
1617616140000,2036.4,2036.4,2037.1,2035.8,0.19758442999999998
1617616200000,2036.4,2036.6,2037.1,2036.1518694,0.20241557000000004
1617616260000,2036.5,2036.9,2037.2,2036.16853651,0.21334510999999995
1617616320000,2036.7,2037.0,2037.3,2036.3,0.20344489000000004
1617616380000,2036.8,2037.0,2037.5,2036.4,0.24655510999999997
1617616440000,2036.87325566,2037.0,2037.55775282,2036.5,0.20344489000000004
1617616500000,2037.1,2037.2,2037.6,2036.6,0.26211781999999995
1617616560000,2037.1,2037.2,2037.6,2036.7,0.21255465000000007
1617616620000,2037.1,2037.2,2037.7,2036.8,0.26437732999999997
1617616680000,2037.2,2037.2,2037.7,2036.87325566,0.22032907000000002
1617616740000,2037.2,2037.3,2037.9,2037.0,0.27967093
1617616800000,2037.3,2037.6,2038.0,2037.0,0.22032907000000002
1617616860000,2037.5,2037.6,2038.1,2037.2,0.27967093
1617616920000,2037.6,2037.6,2038.1,2037.2,0.22632907000000002
1617616980000,2037.7,2037.7,2038.17302756,2037.2,0.29696373
1617617040000,2037.7,2037.9,2038.3,2037.5,0.23804301000000005
1617617100000,2037.7,2038.0,2038.3217693,2037.6,0.30385699
1617617160000,2037.9,2038.1,2038.4,2037.6,0.23860391999999997
1617617220000,2037.9,2038.2,2038.4,2037.6,0.32527506000000006
1617617280000,2037.9,2038.3,2038.4,2037.7,0.2447249399999999
1617617340000,2038.1,2038.3217693,2038.4,2037.7,0.33590541000000007
1617617400000,2038.1,2038.4,2038.6,2037.7,0.2508945899999999
1617617460000,2038.1,2038.4,2038.6052664,2037.9,0.34156005
1617617520000,2038.2,2038.5,2038.8,2037.9,0.25843995
1617617580000,2038.3,2038.5,2038.9,2038.1,0.3415600500000001
1617617700000,2038.4,2038.6,2038.9,2038.2,0.2630843199999998
1617617760000,2038.4,2038.6,2039.1,2038.2,0.3481131700000002
1617617820000,2038.4,2038.6956782,2039.10764741,2038.4,0.2738168299999998
1617617880000,2038.6052664,2038.8,2039.6,2038.4,0.3535190600000002
1617617940000,2038.8,2038.9,2039.7,2038.4,0.2782779399999997
1617618000000,2039.0,2039.6,2039.8,2038.5,0.35582926000000026
1617618060000,2039.6,2039.6,2040.1,2038.6956782,0.29417073999999976
1617618120000,2039.7,2039.7,2040.4,2039.0,0.4058292600000002
1617618180000,2039.7,2039.8,2040.6,2039.6,0.29417073999999976
1617618300000,2039.8,2039.8710316,2040.8,2039.6,0.4187656500000002
1617618360000,2039.8,2040.1,2040.8,2039.6,0.33107465999999974
1617618420000,2040.1,2040.3,2041.0,2039.7,0.42223160000000026
1617618480000,2040.3,2040.3230906,2041.0,2039.8,0.3872097999999998
1617618540000,2040.4,2040.4,2041.1527045,2039.8,0.42728259000000024
1617618600000,2040.4,2040.8,2041.1527045,2039.8710316,0.40909943999999976
1617618660000,2040.8,2040.8,2041.2,2040.1,0.4409005600000002
1617618720000,2040.8,2040.8,2041.2,2040.3,0.4150994399999999
1617618780000,2040.9,2040.9,2041.2,2040.3230906,0.4436195800000001
1617618840000,2041.0,2041.0,2041.5,2040.4,0.4379169099999999
1617618900000,2041.1,2041.1,2041.5,2040.5,0.44848509000000003
1617618960000,2041.1527045,2041.1,2041.6,2040.8,0.4445510899999999
1617619020000,2041.2,2041.1,2041.60283914,2040.8,0.4551400700000001
1617619140000,2041.2,2041.1527045,2041.7,2040.9,0.4596384499999999
1617619200000,2041.4,2041.2,2041.70418768,2040.9,0.46101972
1617619260000,2041.4,2041.2,2041.9,2041.1,0.4783272799999999
1617619320000,2041.5,2041.5,2041.9,2041.1,0.5058048000000002
1617619380000,2041.6,2041.5,2042.1,2041.1,0.49409811999999986
1617619440000,2041.7,2041.7,2042.2,2041.2,0.5059018800000001
1617619500000,2041.7,2041.8,2042.2217384,2041.2,0.49409811999999986
1617619560000,2041.7,2041.9,2042.3,2041.4,0.5059018800000001
1617619620000,2041.9,2041.9,2042.4,2041.4,0.49748263999999986
1617619680000,2041.9,2042.0,2043.0,2041.5,0.5086173600000001
1617619740000,2042.1,2042.4,2043.4,2041.7,0.5003326399999999
1617619800000,2042.2,2042.5,2043.6,2041.9,0.51666736
1617619860000,2042.4,2043.0,2043.9,2041.9,0.52918343
1617619920000,2042.9,2043.4,2043.9,2042.2,0.51681657
1617619980000,2043.0,2043.4986348,2044.0,2042.4,0.53318343
1617620040000,2043.5,2043.5,2044.2,2042.4,0.51681657
1617620100000,2043.6,2043.6,2044.2,2042.5,0.54580614
1617620160000,2043.7,2043.9,2044.2016874,2043.0,0.51955208
1617620220000,2044.1,2044.0,2044.5,2043.4,0.5486291700000001
1617620280000,2044.2,2044.1,2044.6,2043.4,0.5302264899999998
1617620340000,2044.2,2044.2,2044.63237325,2043.5,0.5497735100000003
1617620400000,2044.2,2044.3,2044.6743067,2043.6,0.5501264899999998
1617620460000,2044.3,2044.4,2045.1007703,2044.1,0.5498735100000001
1617620520000,2044.4,2044.6,2045.1061729,2044.2,0.55012649
1617620580000,2044.5,2044.6,2045.2,2044.3,0.5558735100000001
1617620640000,2044.6,2044.6,2045.3,2044.3,0.5513790699999999
1617620700000,2044.6,2044.6,2045.4,2044.4,0.5578169300000002
1617620760000,2044.6,2044.8,2045.4,2044.6,0.5524250499999999
1617620820000,2044.9,2044.9,2045.6,2044.6,0.5599378600000002
1617620880000,2045.1,2044.9,2045.6,2044.6,0.5584679399999999
1617620940000,2045.1,2045.1,2045.6,2044.6,0.5615320600000002
1617621000000,2045.1007703,2045.2,2045.64289205,2044.8,0.5718830299999997
1617621060000,2045.4,2045.3,2046.0,2044.8,0.5671253700000003
1617621120000,2045.6,2045.4,2046.0,2045.0,0.5888746299999996
1617621180000,2045.6,2045.6,2046.0,2045.1,0.5718125000000005
1617621240000,2045.6,2045.6,2046.0,2045.4,0.6117542199999995
1617621300000,2045.6,2045.6,2046.0,2045.53177473,0.5882457800000007
1617621360000,2045.6,2045.6,2046.0,2045.6,0.6138072299999993
1617621420000,2045.7,2045.691753,2046.04061301,2045.6,0.5921927700000007
1617621480000,2045.7,2045.7,2046.1,2045.6,0.6577072299999993
1617621540000,2045.7,2046.0,2046.1,2045.6,0.5922927700000007
1617621600000,2045.8,2046.0,2046.1,2045.6,0.6613072299999994
1617621660000,2046.0,2046.0,2046.7,2045.691753,0.6050380900000005
1617621720000,2046.0,2046.0,2046.7,2045.7,0.6621414599999995
1617621780000,2046.0,2046.0,2046.7,2045.9,0.6106058200000004
1617621840000,2046.1,2046.1,2047.0,2046.0,0.6655678399999996
1617621900000,2046.1,2046.1,2047.1,2046.0,0.6274814600000005
1617621960000,2046.2,2046.7,2047.2,2046.1,0.6725185399999996
1617622020000,2046.4,2046.7,2047.6,2046.1,0.6500350800000003
1617622080000,2046.62801697,2047.0,2047.6,2046.1,0.6807336699999995
1617622140000,2046.8498595,2047.1,2047.6,2046.2,0.6542763300000005
1617622200000,2046.862978,2047.4,2048.2,2046.4,0.6911770399999995
1617622260000,2047.1,2047.5,2048.2,2046.7,0.6584026900000006
1617622320000,2047.6,2047.6,2048.2,2047.0,0.6915101399999994
1617622380000,2048.2,2047.9,2048.2,2047.1,0.6584898600000006
1617622440000,2048.2,2048.2,2048.3,2047.2,0.7172388699999994
1617622500000,2048.2,2048.2,2049.1,2048.2,0.6826611300000005
1617622560000,2048.3,2050.6,2050.7,2048.3,0.8173388699999995
1617622620000,2050.7,2050.7,2051.1,2050.6,0.7010524700000005
1617622680000,2050.7,2051.0,2051.1,2050.6,0.8207327699999993
1617622740000,2051.0,2051.0,2051.6,2050.7,0.7292672300000007
1617622800000,2051.1,2051.1,2051.6,2050.7,0.8207750899999993
1617622860000,2051.2,2051.1,2051.8,2051.0,0.7296769800000007
1617622920000,2051.4,2051.3,2051.85184565,2051.1,0.8590342799999995
1617622980000,2051.6,2051.3,2051.9,2051.3,0.7367444400000005
1617623040000,2051.6,2051.8,2052.0,2051.3,0.8974555599999994
1617623100000,2051.8,2051.9,2052.6,2051.4,0.7526006600000006
1617623160000,2051.8,2052.0,2052.8,2051.8,0.9050311199999994
1617623220000,2051.8,2052.2,2053.0,2051.8,0.7627187900000008
1617623280000,2051.9,2052.7,2053.4,2051.8,0.9357211199999993
1617623340000,2052.6,2052.8,2053.6,2051.9,0.7773218800000008
1617623400000,2052.8,2053.1,2053.7,2052.0,0.9486719099999992
1617623460000,2053.6,2053.5,2053.9,2052.1,0.7817481000000008
1617623520000,2053.7,2053.6,2053.9,2052.8,0.9650503099999992
1617623580000,2053.7,2053.6,2054.0,2053.0,0.7963489700000008
1617623640000,2053.79549034,2053.7,2054.1,2053.1,0.9920675599999991
1617623700000,2053.8,2053.9,2054.9,2053.2,0.8041214900000011
1617623760000,2053.9,2054.0,2054.9,2053.3,1.008339229999999
1617623820000,2053.9,2054.76697562,2054.9,2053.6,0.816689930000001
1617623880000,2053.9,2054.8,2055.0,2053.6,1.015019059999999
1617623940000,2054.8,2054.9,2055.1,2053.7,0.881158080000001
1617624000000,2054.9,2054.9,2055.4,2053.7,1.0188419199999992
1617624060000,2055.0,2055.1,2055.6,2053.8,0.8910580800000008
1617624120000,2055.0,2055.5,2055.8,2053.9,1.0659279199999991
1617624180000,2055.1,2055.6,2056.5748632,2054.5,0.9120215800000009
1617624240000,2055.6,2056.1,2056.7,2055.0,1.0879784199999991
1617624300000,2055.8,2056.6893644,2057.4,2055.1,0.918729580000001
1617624360000,2056.5748632,2056.7,2057.46267953,2055.6,1.0911528299999989
1617624420000,2056.7,2057.3,2058.0,2056.1,0.9284916700000012
1617624480000,2056.9923486,2057.5,2058.1,2056.1,1.0930694499999987
1617624540000,2057.3,2057.6,2058.3602264,2056.6893644,0.9303610900000014
1617624600000,2058.0,2057.7,2058.4,2056.8,1.1136389099999986
1617624660000,2058.0,2058.0,2058.8,2056.9,0.9360045500000014
1617624720000,2058.1,2058.1,2058.8,2057.3,1.1139954499999984
1617624780000,2058.1,2058.4,2058.9,2057.6,0.9511039900000016
1617624840000,2058.3,2058.4,2059.4,2058.0,1.1221198999999984
1617624900000,2058.4,2058.8,2059.8,2058.0,0.9521901000000017
1617624960000,2058.8,2058.9,2059.9,2058.1,1.1251168699999983
1617625020000,2058.8,2058.9,2060.0,2058.1,0.9598831300000017
1617625080000,2059.0,2058.9,2060.3,2058.4,1.1296908199999984
1617625140000,2059.4,2059.2,2060.3,2058.7561753,0.9694232800000016
1617625200000,2059.6,2059.4,2060.6,2058.8,1.1492256699999983
1617625260000,2059.9,2059.8,2060.7,2058.8,0.9812367800000017
1617625320000,2060.0,2060.1,2060.8039748,2059.0,1.1586632199999982
1617625380000,2060.2,2060.1,2060.9,2059.0,0.981419780000002
1617625440000,2060.21200141,2060.3,2061.0,2059.2,1.1646802199999982
1617625500000,2060.3,2060.3,2061.0,2059.2,0.9853197800000018
1617625560000,2060.4,2060.7,2061.1,2059.9,1.1660240099999981
1617625620000,2060.6,2060.8,2061.2,2060.1,1.010023870000002
1617625680000,2060.6,2060.8,2061.2,2060.2,1.183000339999998
1617625740000,2060.7,2060.80066968,2061.2900295,2060.2,1.016848500000002
1617625800000,2060.8,2060.8039748,2061.3,2060.2,1.1831514999999981
1617625860000,2060.8,2060.9,2061.36298245,2060.4,1.0194253400000017
1617625920000,2060.8039748,2060.9223405,2061.373538,2060.6,1.231386659999998
1617625980000,2061.0,2061.0,2061.4,2060.7,1.024646630000002
1617626040000,2061.1,2061.0,2061.59840536,2060.8,1.2354160999999981
1617626100000,2061.1,2061.2,2061.59840536,2060.8,1.0287757000000017
1617626160000,2061.1,2061.2,2061.7,2060.8,1.271224299999998
1617626220000,2061.2,2061.2900295,2061.9,2060.8,1.0288996900000018
1617626280000,2061.2,2061.36298245,2061.9,2060.8,1.286900309999998
1617626340000,2061.2,2061.4,2062.0,2060.80066968,1.0491710800000018
1617626400000,2061.2,2061.4,2062.1,2060.8039748,1.2997235899999982
1617626460000,2061.3,2061.4,2062.1,2060.9,1.0500884900000018
1617626520000,2061.36298245,2061.5,2062.2,2061.0,1.2999115099999983
1617626580000,2061.4,2061.5,2062.2,2061.0,1.0973284900000018
1617626640000,2061.4,2061.6,2062.2,2061.1,1.3145926499999983
1617626700000,2061.436953,2061.74167455,2062.2,2061.1,1.1040573500000017
1617626760000,2061.59840536,2061.9,2062.2,2061.2,1.3189040399999985
1617626820000,2061.6,2062.0,2062.37465963,2061.2,1.1195514700000013
1617626880000,2061.7,2062.1,2062.4,2061.2,1.3482485299999987
1617626940000,2061.9,2062.1,2062.4,2061.3,1.1261684700000012
1617627000000,2061.9,2062.1,2062.5,2061.36298245,1.350285049999999
1617627060000,2062.0,2062.2,2062.8,2061.4,1.132419190000001
1617627120000,2062.1,2062.2,2062.9,2061.4,1.351539109999999
1617627180000,2062.19817437,2062.2,2063.14299762,2061.436953,1.1485608900000008
1617627240000,2062.2,2062.4,2063.2,2061.6,1.3704776299999992
1617627300000,2062.2,2062.4,2063.2,2061.74167455,1.1521829700000008
1617627360000,2062.3,2062.6,2063.3,2061.9,1.3726737899999992
1617627420000,2062.6,2062.67176644,2063.3,2062.1,1.1573262100000006
1617627480000,2062.7,2062.8,2063.37612958,2062.1,1.3777799299999993
1617627540000,2062.78152111,2062.9,2063.4,2062.1,1.1627755700000006
1617627600000,2062.8,2063.14053057,2063.4,2062.1,1.3803060099999993
1617627660000,2062.90505217,2063.3,2063.49392909,2062.1,1.1684418000000008
1617627720000,2062.92032614,2063.3,2063.5,2062.3,1.381558199999999
1617627780000,2063.14620488,2063.3,2063.6,2062.6,1.193932800000001
1617627840000,2063.2,2063.3,2063.6,2062.6,1.404457699999999
1617627900000,2063.3,2063.42048827,2063.84755591,2062.6,1.212326760000001
1617627960000,2063.3,2063.5,2064.0,2062.7,1.4143796599999992
1617628020000,2063.3,2063.5,2064.2,2062.8,1.241566860000001
1617628080000,2063.3,2063.6,2064.2,2062.90505217,1.433279759999999
1617628140000,2063.3,2063.6,2064.3,2063.2,1.247420240000001
1617628200000,2063.5,2063.6,2064.3,2063.3,1.4525797599999992
1617628260000,2063.5,2063.72974294,2064.4,2063.3,1.268262310000001
1617628320000,2063.5,2063.9,2064.4,2063.3,1.475162669999999
1617628380000,2063.6,2063.9,2064.67436039,2063.3,1.2764238300000013
1617628440000,2063.6,2064.0,2064.8,2063.3816874,1.509116019999999
1617628500000,2063.84755591,2064.1,2065.0,2063.5,1.285883980000001
1617628560000,2063.9,2064.2,2065.1,2063.5,1.536695569999999
1617628620000,2064.0,2064.3,2065.1,2063.5,1.292936530000001
1617628680000,2064.1,2064.3,2065.1,2063.5,1.5429573099999987
1617628740000,2064.2,2064.4,2065.1,2063.6,1.3122794600000012
1617628800000,2064.4,2064.4,2065.8,2063.6,1.580123859999999
1617628860000,2064.6,2064.4685358,2065.8,2063.6,1.324331960000001
1617628920000,2064.7,2064.6,2065.9,2063.72974294,1.5944538499999992
1617628980000,2064.7,2064.7,2066.0,2063.9,1.3258161100000005
1617629040000,2064.9,2065.0,2066.0,2064.1,1.6119365399999992
1617629100000,2065.1,2065.01196,2066.1,2064.2,1.327963460000001
1617629160000,2065.1,2065.4,2066.1,2064.3,1.624016289999999
1617629220000,2065.1,2065.6,2066.1,2064.4,1.334373420000001
1617629280000,2065.1,2065.6,2066.3,2064.6,1.638884269999999
1617629340000,2065.6,2065.61675754,2066.33414012,2064.6,1.341515730000001
1617629400000,2065.7,2065.8,2066.4,2064.7,1.6421902699999988
1617629460000,2065.8,2065.9,2066.4,2064.8,1.3577097300000014
1617629520000,2065.8270963,2065.93018823,2066.4,2065.0,1.6422902699999986
1617629580000,2065.9,2066.0,2066.6,2065.1,1.3577097300000014
1617629640000,2065.93018823,2066.04802591,2066.7,2065.1,1.6771402799999986
1617629700000,2066.0,2066.1,2066.8,2065.57667519,1.3639854300000012
1617629760000,2066.0,2066.2,2066.9,2065.6,1.6861128699999985
1617629820000,2066.0855182,2066.3,2067.4,2065.6,1.3725006400000013
1617629880000,2066.1,2066.4,2067.6,2065.6,1.722928659999999
1617629940000,2066.3,2066.8,2067.8,2065.7,1.3929654200000015
1617630000000,2066.3,2066.8,2067.8,2065.8270963,1.7402245799999985
1617630060000,2066.3,2067.4,2067.9,2065.93018823,1.4047754200000016
1617630120000,2067.4,2067.4,2068.0,2066.1,1.7451245799999986
1617630180000,2067.6,2067.6,2068.4,2066.3,1.4048754200000013
1617630240000,2067.6,2067.8,2068.8,2066.3,1.7451245799999986
1617630300000,2067.7,2068.0,2069.1,2067.4,1.4057864200000012
1617630360000,2067.9,2068.1,2069.9,2067.6,1.7505135799999987
1617630420000,2068.3,2068.64045485,2069.9,2067.8,1.4494864200000015
1617630480000,2068.4,2069.4,2070.2,2068.4,1.7505135799999987
1617630540000,2069.8,2073.4,2073.4,2069.8,1.4530964200000012
1617630600000,2073.3139358,2073.4,2073.4,2071.9,1.7553205799999987
1617630660000,2073.4,2074.8,2075.9,2073.3139358,1.4824010200000013
1617630720000,2074.9,2075.2,2076.8,2074.4,1.779363279999999
1617630780000,2075.2,2076.2,2077.2,2074.6,1.5176520400000009
1617630840000,2075.7,2077.5,2078.0,2074.9,1.7883479599999987
1617630900000,2077.3,2077.6,2078.00477834,2075.8,1.5238483200000015
1617630960000,2077.5,2077.81382342,2078.5,2077.23397043,1.8000658399999983
1617631020000,2078.0,2078.5,2079.9,2077.3,1.5556340400000017
1617631080000,2078.9,2081.1,2081.9,2077.3,1.8084033699999982
1617631140000,2081.8,2081.9,2082.8,2078.9,1.587425830000002
1617631200000,2082.0,2083.25220212,2085.9,2079.9,1.818944169999998
1617631260000,2083.25220212,2083.4928331,2087.2,2081.73260489,1.5907075000000022
1617631320000,2083.8,2084.5,2087.2,2082.5,1.8375922499999977
1617631380000,2084.9,2085.9,2087.4,2082.78444567,1.5984077500000022
1617631440000,2085.6,2086.1,2087.4,2083.8,1.8404922499999976
1617631500000,2086.1580555,2086.1,2087.7,2084.5,1.6144190400000025
1617631560000,2086.3,2086.16404864,2088.4,2085.6,1.8668319599999974
1617631620000,2086.3,2086.3,2088.4,2085.94673261,1.6522680400000025
1617631680000,2086.4,2087.0,2088.8,2086.1,1.8678519599999979
1617631740000,2087.1,2087.0667005,2088.9,2086.1580555,1.6533193800000021
1617631800000,2087.1,2087.1,2089.0,2086.3,1.886680619999998
1617631860000,2087.2,2087.2,2089.0323468,2086.3,1.667784840000002
1617631920000,2087.4,2087.7,2089.27043382,2086.4,1.887867299999998
1617631980000,2087.7,2087.9,2089.9,2087.0,1.6696853900000022
1617632040000,2088.1,2088.1570745,2089.9,2087.1,1.8990205999999976
1617632100000,2088.2,2088.4,2089.9,2087.1,1.7037645700000026
1617632160000,2088.4,2088.5,2090.0,2087.1,1.9275448399999975
1617632220000,2088.6,2088.6,2090.0,2087.1,1.7192312900000026
1617632280000,2088.8,2089.0,2090.4,2087.1,1.9383540399999972
1617632340000,2089.0,2089.27043382,2090.5,2087.1,1.7390220000000032
1617632400000,2089.0323468,2089.5,2090.80979237,2087.1,1.9395084999999967
1617632460000,2089.275745,2089.6,2091.1,2087.6,1.7417415000000032
1617632520000,2089.4,2089.64030897,2091.3,2088.1,1.9536400799999967
1617632580000,2089.7,2089.7,2091.4,2088.1,1.7761359200000035
1617632640000,2090.0,2090.0,2091.9,2088.3420292,1.9737640799999963
1617632700000,2090.4,2090.8,2091.9,2088.6,1.7928273900000036
1617632760000,2090.8,2090.9,2092.34645719,2088.8,2.0197345599999963
1617632820000,2090.80979237,2091.3,2092.35421934,2089.1,1.7929751300000039
1617632880000,2091.1,2091.4,2092.9,2089.6,2.0335148699999963
1617632940000,2091.4,2091.8,2093.2,2089.74724588,1.7996690800000037
1617633000000,2091.8,2092.1,2093.4,2089.9,2.0465827999999964
1617633060000,2091.9,2092.34645719,2093.7,2090.3,1.8038358900000038
1617633120000,2092.4,2092.7,2094.8,2091.1,2.053308029999996
1617633180000,2092.9,2093.0,2095.0,2091.4,1.8082596300000038
1617633240000,2093.2,2093.4,2095.2,2091.6,2.077652369999996
1617633300000,2093.9,2093.9,2095.2,2091.8,1.864311030000004
1617633360000,2094.1,2094.6,2095.3,2091.8,2.081094969999996
1617633420000,2094.2,2094.9,2095.4,2091.9,1.868905030000004
1617633480000,2094.8,2095.0507296,2096.0,2092.4,2.102433379999996
1617633540000,2094.9,2095.1,2096.3,2092.6,1.879200740000004
1617633600000,2095.0,2095.1,2096.3,2092.6,2.113048599999996
1617633660000,2095.0,2095.1,2096.4,2093.1,1.8801381500000045
1617633720000,2095.1,2095.2,2096.4,2093.18674914,2.1148289099999955
1617633780000,2095.2,2095.3,2096.4,2093.9,1.8852710900000043
1617633840000,2095.2,2095.4,2096.6,2093.9,2.132070719999996
1617633900000,2095.3,2095.43164349,2096.6220394,2094.0,1.893636780000004
1617633960000,2095.4,2095.6,2096.7,2094.0,2.1482938199999957
1617634020000,2095.9,2096.0,2096.9,2094.1,1.9167746000000045
1617634080000,2096.1,2096.1,2096.9,2094.2,2.1577936099999953
1617634140000,2096.1,2096.1,2096.9,2094.4,1.9511597800000047
1617634200000,2096.130116,2096.1,2096.9,2094.9,2.207046519999995
1617634260000,2096.2,2096.130116,2097.1,2095.0,1.9685584800000049
1617634320000,2096.3,2096.2,2097.32360586,2095.0,2.218002459999995
1617634380000,2096.4,2096.3,2097.32554505,2095.0,1.9953573600000052
1617634440000,2096.4,2096.3,2097.67653784,2095.0,2.238307179999995
1617634500000,2096.4,2096.3348795,2097.8,2095.1,2.011692820000005
1617634560000,2096.6,2096.4,2097.8,2095.1,2.2561175799999953
1617634620000,2096.6,2096.6,2097.9,2095.1,2.0684712000000047
1617634680000,2096.61316683,2096.6,2097.9,2095.2,2.2649777499999955
1617634740000,2096.6220394,2096.6,2098.0,2095.3,2.0687780300000043
1617634800000,2096.7,2096.68220074,2098.0,2095.3,2.281222159999996
1617634860000,2096.9,2096.7,2098.1,2095.3,2.082394180000004
1617634920000,2096.9,2096.8,2098.1,2095.6,2.3011417699999956
1617634980000,2097.1,2096.8944931,2098.2,2095.6,2.0927526800000047
1617635040000,2097.3,2096.9,2098.2567616,2095.9,2.3227029499999956
1617635100000,2097.32554505,2096.9,2098.3,2096.1,2.106132140000004
1617635160000,2097.4,2097.2,2098.3,2096.1,2.352572859999996
1617635220000,2097.4,2097.3,2098.4,2096.1,2.108600390000004
1617635280000,2097.5,2097.3,2098.4,2096.1,2.376310359999996
1617635340000,2097.5,2097.3,2098.7,2096.1,2.159769640000004
1617635400000,2097.6,2097.3,2098.7,2096.1,2.390230359999996
1617635460000,2097.7,2097.3,2098.9,2096.130116,2.212196740000004
1617635520000,2097.8,2097.6,2098.9,2096.130116,2.4163037299999957
1617635580000,2097.854803,2097.67653784,2098.96198406,2096.3,2.246999030000005
1617635640000,2097.9,2097.854803,2099.0,2096.4,2.4274360299999946
1617635700000,2097.9,2097.9,2099.0,2096.4,2.258721410000005
1617635760000,2098.0,2097.9,2099.0,2096.6,2.447078589999995
1617635820000,2098.0,2098.0,2099.0,2096.6,2.3087314100000054
1617635880000,2098.0,2098.1,2099.034852,2096.6,2.580518189999994
1617635940000,2098.1,2098.1,2099.09415675,2096.68220074,2.411494630000006
1617636000000,2098.1,2098.127122,2099.16876985,2096.68748191,2.588505369999994
1617636060000,2098.127122,2098.2,2099.2,2096.7,2.504572810000006
1617636120000,2098.2,2098.2,2099.4,2096.7,2.5954271899999934
1617636180000,2098.2567616,2098.26729951,2099.4,2096.8,2.508327830000007
1617636240000,2098.3,2098.3,2099.4,2096.8,2.611672169999993
1617636300000,2098.4,2098.4,2099.4,2096.9,2.5276278300000072
1617636360000,2098.4,2098.5,2099.4,2097.0,2.6414876099999933
1617636420000,2098.4,2098.6159231,2099.4,2097.1,2.7635672400000066
1617636480000,2098.62485689,2098.7,2099.4,2097.2,2.679869839999993
1617636540000,2098.6608006,2098.7,2099.4,2097.2,2.7743878100000074
1617636600000,2098.7,2098.8,2099.4,2097.2,2.680062509999993
1617636660000,2098.8,2098.9,2099.4,2097.3,2.819937490000007
1617636720000,2098.9,2098.9,2099.4,2097.3,2.7300625099999927
1617636780000,2098.9,2099.0,2099.5,2097.3,2.829937490000008
1617636840000,2099.0,2099.0,2099.67331635,2097.3,2.7942284299999915
1617636900000,2099.0,2099.0,2099.7,2097.3,2.8687015700000087
1617636960000,2099.0542639,2099.0,2099.8,2097.4,2.8312984299999915
1617637020000,2099.09415675,2099.034852,2099.9,2097.6,2.928916710000008
1617637080000,2099.2,2099.09733392,2099.9,2097.6,2.8710832899999916
1617637140000,2099.2,2099.1,2099.9,2097.6,2.928916710000008
1617637200000,2099.2,2099.16876985,2099.95134513,2097.6,2.8916692599999916
1617637260000,2099.22536995,2099.2,2100.1,2097.7,2.963858740000009
1617637320000,2099.3,2099.3,2100.1,2097.9,2.8917657099999907
1617637380000,2099.34638372,2099.3,2100.3,2098.0,3.0551036300000094
1617637440000,2099.4,2099.3,2100.3850098,2098.1,2.907318789999991
1617637500000,2099.4,2099.4,2100.4,2098.1,3.069830820000009
1617637560000,2099.4,2099.4,2100.4,2098.1,2.9300691799999914
1617637620000,2099.4,2099.4,2100.4,2098.116189,3.0760979500000083
1617637680000,2099.4,2099.4,2100.4,2098.127122,2.9346020499999916
1617637740000,2099.4,2099.4,2100.5,2098.3,3.0806758500000084
1617637800000,2099.5,2099.4,2100.6,2098.3,3.0122594399999914
1617637860000,2099.67331635,2099.4,2100.8,2098.4,3.1082718400000084
1617637920000,2099.7,2099.6,2100.8,2098.6,3.014779109999991
1617637980000,2099.7,2099.7,2100.80002965,2098.6159231,3.133565430000009
1617638040000,2099.8,2099.7,2100.9,2098.7,3.0375565499999917
1617638100000,2099.9,2099.8,2100.9,2098.7,3.140995150000008
1617638160000,2099.9,2099.9,2100.9,2098.8,3.065834849999992
1617638220000,2099.9,2099.9,2100.9,2098.8447072,3.1537833400000084
1617638280000,2099.9,2100.0,2100.9,2098.9,3.170304679999991
1617638340000,2099.9,2100.0,2100.9,2098.9,3.165995340000009
1617638400000,2099.95134513,2100.1,2100.9,2098.9,3.173904659999991
1617638460000,2100.1,2100.1,2101.0,2098.9,3.191335340000009
1617638520000,2100.1,2100.2,2101.0,2099.0,3.182125169999991
1617638580000,2100.2,2100.3,2101.1,2099.1,3.265341000000009
1617638640000,2100.2735656,2100.3,2101.1,2099.1,3.183804769999991
1617638700000,2100.4,2100.3850098,2101.3,2099.1,3.2727328800000084
1617638760000,2100.4,2100.4,2101.3,2099.2,3.1986221199999916
1617638820000,2100.4,2100.4,2101.34903604,2099.22536995,3.286926880000008
1617638880000,2100.5,2100.4,2101.4,2099.3,3.2052798399999913
1617638940000,2100.6,2100.4,2101.4,2099.38914906,3.300720160000009
1617639000000,2100.6,2100.4,2101.4,2099.4,3.2128341999999908
1617639060000,2100.6,2100.668766,2101.4,2099.4,3.3040442500000093
1617639120000,2100.61395512,2100.7,2101.4,2099.6,3.2526677499999908
1617639180000,2100.668766,2100.7,2101.4837242,2099.6,3.3578581000000094
1617639240000,2100.7,2100.8,2101.5,2099.6,3.25744831999999
1617639300000,2100.80002965,2100.8,2101.59688543,2099.7,3.3964073100000096
1617639360000,2100.9,2100.9,2101.6,2099.9,3.3206924699999902
1617639420000,2100.9,2100.9,2101.7,2099.9,3.45797819000001
1617639480000,2100.9,2101.0,2101.70339507,2099.9,3.3738452899999896
1617639540000,2101.0,2101.1,2101.8,2099.9,3.47637713000001
1617639600000,2101.0,2101.1,2101.8,2099.9,3.3846175899999897
1617639660000,2101.1,2101.1,2101.9,2100.0,3.4804130800000106
1617639720000,2101.1,2101.1,2101.9,2100.0,3.4038805799999894
1617639780000,2101.1,2101.1,2101.9,2100.0,3.5711121000000103
1617639840000,2101.1,2101.2,2101.9,2100.1,3.4211517099999895
1617639900000,2101.1490787,2101.2,2102.0,2100.1,3.6883748200000106
1617639960000,2101.2,2101.2,2102.0,2100.1,3.4298251799999893
1617640020000,2101.2,2101.2,2102.1,2100.1,3.7679260100000107
1617640080000,2101.2,2101.2,2102.1,2100.1,3.475225029999989
1617640140000,2101.3,2101.3,2102.1,2100.1,3.844475860000011
1617640200000,2101.4,2101.3,2102.2,2100.1,3.5085721499999893
1617640260000,2101.4,2101.3,2102.3,2100.2,3.9463580100000106
1617640320000,2101.4,2101.4,2102.3,2100.2,3.5168509499999896
1617640380000,2101.4,2101.4,2102.3,2100.2735656,3.96256460000001
1617640440000,2101.4,2101.4,2102.4,2100.3,3.5874353999999906
1617640500000,2101.4,2101.4,2102.4,2100.4,3.9937961800000092
1617640560000,2101.4,2101.5,2102.4,2100.4,3.6093179199999907
1617640620000,2101.4,2101.57576181,2102.4,2100.5,4.03492625000001
1617640680000,2101.4,2101.6,2102.4,2100.6,3.79818259999999
1617640740000,2101.5,2101.6,2102.4,2100.61395512,4.18038471000001
1617640800000,2101.59688543,2101.6,2102.5,2100.7,3.8388069699999905
1617640860000,2101.6,2101.6653014,2102.5,2100.7,4.22658829000001
1617640920000,2101.6,2101.7,2102.5178262,2100.9,3.84673470999999
1617640980000,2101.6,2101.7,2102.57107599,2100.9,4.2483538700000105
1617641040000,2101.7,2101.8,2102.6449176,2101.0,3.8839407099999894
1617641100000,2101.7,2101.8,2102.7,2101.0,4.27031850000001
1617641160000,2101.9,2101.8,2102.8,2101.0,3.93420361999999
1617641220000,2101.9,2101.9,2102.9,2101.0045813,4.28554476000001
1617641280000,2101.9,2101.9,2102.9,2101.1,4.00845523999999
1617641340000,2101.9,2101.9,2102.9,2101.1,4.306800050000009
1617641400000,2101.9,2101.97514767,2102.9,2101.1,4.048146619999991
1617641460000,2101.9,2102.0,2102.9,2101.1,4.30960112000001
1617641520000,2102.0,2102.1,2102.9987868,2101.1,4.05145326999999
1617641580000,2102.0,2102.1,2103.1,2101.1,4.365257730000011
1617641640000,2102.07912951,2102.1,2103.1,2101.1,4.179382659999988
1617641700000,2102.1,2102.1,2103.1,2101.1181876,4.366661340000012
1617641760000,2102.1,2102.1,2103.2,2101.1490787,4.234487459999987
1617641820000,2102.1,2102.1,2103.2,2101.2,4.405399440000013
1617641880000,2102.1,2102.1,2103.2,2101.2,4.297744479999987
1617641940000,2102.2,2102.1,2103.20484734,2101.2,4.468705820000014
1617642000000,2102.2,2102.147508,2103.3,2101.2,4.3834739799999864
1617642060000,2102.2,2102.16629114,2103.3,2101.3,4.473308120000014
1617642120000,2102.2,2102.2,2103.3,2101.3,4.385603159999985
1617642180000,2102.2,2102.2,2103.3,2101.3828605,4.520239740000014
1617642240000,2102.3,2102.28158824,2103.3,2101.4,4.406115129999987
1617642300000,2102.3,2102.3,2103.3,2101.4,4.542055470000013
1617642360000,2102.3,2102.3,2103.3,2101.4,4.513289419999988
1617642420000,2102.4,2102.3,2103.4,2101.5,4.554559660000012
1617642480000,2102.4,2102.3,2103.4,2101.6,4.5318345599999885
1617642540000,2102.4,2102.4,2103.46545565,2101.6,4.597860440000011
1617642600000,2102.48501904,2102.4,2103.5,2101.7,4.568786769999989
1617642660000,2102.5,2102.4,2103.53624608,2101.7,4.661562700000011
1617642720000,2102.5,2102.5,2103.6,2101.8,4.59206039999999
1617642780000,2102.635794,2102.6,2103.6,2101.89390632,4.727814270000011
1617642840000,2102.6449176,2102.7,2103.62847944,2101.9,4.605559989999988
1617642900000,2102.7,2102.8,2103.7,2101.9,4.7348619600000115
1617642960000,2102.8,2102.9,2103.7,2101.9,4.614593689999988
1617643020000,2102.8,2102.9,2103.7,2101.9,4.771936310000011
1617643080000,2102.9,2102.9,2103.8,2102.0,4.691021149999989
1617643140000,2102.9,2102.9987868,2103.8,2102.0,4.79154469000001
1617643200000,2102.98012282,2103.0,2103.80172999,2102.0,4.72299920999999
1617643260000,2103.0,2103.0,2103.9,2102.0,4.809655280000011
1617643320000,2103.04123201,2103.03800381,2103.9,2102.1,4.7570801599999895
1617643380000,2103.1,2103.1,2103.9,2102.1,4.876482990000011
1617643440000,2103.1,2103.1,2103.9,2102.1,4.7613875599999895
1617643500000,2103.1,2103.1,2104.0,2102.1,4.942574680000011
1617643560000,2103.1,2103.2,2104.0,2102.1,4.808757989999989
1617643620000,2103.2,2103.2,2104.1,2102.1,4.992060400000011
1617643680000,2103.2,2103.2,2104.1,2102.1,4.82003959999999
1617643740000,2103.2,2103.2,2104.1,2102.16629114,5.0233100900000105
1617643800000,2103.2,2103.3,2104.1,2102.2,4.829720909999989
1617643860000,2103.2,2103.3,2104.18155298,2102.2,5.0239336700000115
1617643920000,2103.2087076,2103.3,2104.2,2102.2,4.8643663299999895
1617643980000,2103.3,2103.3,2104.3,2102.2,5.062379360000011
1617644040000,2103.3,2103.3,2104.4,2102.26567706,4.880222859999988
1617644100000,2103.3,2103.4,2104.4,2102.3,5.069703570000011
1617644160000,2103.3,2103.4810734,2104.5,2102.3,4.886419769999988
1617644220000,2103.4,2103.5,2104.56789662,2102.3,5.107880230000013
1617644280000,2103.4,2103.5,2104.6,2102.3,4.899014629999987
1617644340000,2103.6,2103.5141634,2104.7,2102.3,5.120784120000013
1617644400000,2103.6,2103.55930015,2104.7,2102.5,4.900215879999988
1617644460000,2103.6,2103.62847944,2104.8,2102.5,5.149784120000013
1617644520000,2103.6,2103.7,2104.8,2102.6,4.950215879999987
1617644580000,2103.8,2103.7,2104.8,2102.635794,5.152144940000013
1617644640000,2103.8,2103.7,2104.86057725,2102.6387146,4.960611849999988
1617644700000,2103.8,2103.8,2104.89019345,2102.7,5.2018727100000115
1617644760000,2103.8,2103.80172999,2104.9,2102.7,5.013675449999989
1617644820000,2103.88707054,2103.9,2104.9,2102.8,5.23811455000001
1617644880000,2103.9,2103.9,2104.9,2102.80181356,5.027704309999989
1617644940000,2103.9,2103.9,2104.933691,2102.9,5.3222956900000105
1617645000000,2104.0,2103.9,2104.99088666,2102.9,5.027704309999989
1617645060000,2104.1,2104.0,2104.99088666,2103.0,5.37741965000001
1617645120000,2104.1,2104.0,2105.0,2103.0,5.03976697999999
1617645180000,2104.2,2104.0,2105.0,2103.0,5.3806261100000095
1617645240000,2104.21895507,2104.1,2105.1,2103.1,5.08326794999999
1617645300000,2104.3,2104.1,2105.12410881,2103.1,5.41574151000001
1617645360000,2104.3,2104.2,2105.2,2103.1,5.205308239999989
1617645420000,2104.5,2104.3,2105.3,2103.1,5.51354152000001
1617645480000,2104.56789662,2104.4,2105.3,2103.2,5.26690824999999
1617645540000,2104.6,2104.5,2105.4,2103.2,5.52489175000001
1617645600000,2104.66016212,2104.6,2105.5,2103.3,5.3660628999999895
1617645660000,2104.8,2104.6,2105.6,2103.3,5.655604330000011
1617645720000,2104.8,2104.6,2105.6,2103.3,5.387592979999989
1617645780000,2104.8,2104.8,2105.69501157,2103.4,5.66278602000001
1617645840000,2104.8,2104.8,2105.8,2103.4,5.438563349999989
1617645900000,2104.8,2104.9,2105.8,2103.4,5.673967750000011
1617645960000,2104.86057725,2104.9,2105.9,2103.48494834,5.440189779999989
1617646020000,2104.89019345,2104.99088666,2105.9,2103.5,5.750056840000011
1617646080000,2104.9,2105.0,2105.9,2103.5,5.473103159999989
1617646140000,2105.0,2105.0,2105.9,2103.6,5.76968304000001
1617646200000,2105.0,2105.0,2105.95842711,2103.8,5.475650439999989
1617646260000,2105.0,2105.0,2106.2,2103.8,5.78867726000001
1617646320000,2105.0,2105.1,2106.4,2103.8,5.491255579999991
1617646380000,2105.1,2105.1,2106.4,2103.8,5.830010760000008
1617646440000,2105.1,2105.1,2106.43565414,2103.8,5.536228179999992
1617646500000,2105.1,2105.1,2106.5,2103.9,5.837471820000007
1617646560000,2105.2,2105.1,2106.52944589,2104.1,5.573400479999992
1617646620000,2105.2,2105.1,2106.6,2104.1,5.848090490000009
1617646680000,2105.3,2105.3,2106.6,2104.1,5.5927865399999925
1617646740000,2105.3,2105.4,2106.6,2104.1,6.051233830000007
1617646800000,2105.3,2105.5034268,2106.6,2104.1,5.594142899999993
1617646860000,2105.48259329,2105.6,2106.6,2104.4,6.067617100000008
1617646920000,2105.5,2105.63625801,2106.66442146,2104.4,5.617078899999993
1617646980000,2105.59883115,2105.7,2106.6867498,2104.5,6.095353660000007
1617647040000,2105.6,2105.7,2106.7,2104.5,5.648274059999992
1617647100000,2105.69501157,2105.7507884,2106.7163904,2104.6,6.108829600000008
1617647160000,2105.7,2105.8,2106.8,2104.6,5.805542399999992
1617647220000,2105.7,2105.8,2106.9,2104.63599724,6.1155626000000085
1617647280000,2105.8,2105.8,2106.9,2104.66016212,5.821624129999992
1617647340000,2105.8,2105.8,2106.9,2104.8,6.122357220000008
1617647400000,2105.8,2105.9,2106.9,2104.8,5.835117969999993
1617647460000,2105.8,2106.1,2107.0,2104.8079483,6.156935810000008
1617647520000,2105.9,2106.1,2107.02625461,2104.9,5.993064189999992
1617647580000,2105.9,2106.1895664,2107.09723,2105.0,6.3572601000000075
1617647640000,2105.95842711,2106.2,2107.1,2105.1,6.076032169999993
1617647700000,2106.0,2106.2,2107.14437471,2105.1,6.4559668300000075
1617647760000,2106.0,2106.2,2107.4,2105.1,6.103933169999993
1617647820000,2106.1,2106.3,2107.4,2105.1,6.617919430000007
1617647880000,2106.1,2106.3,2107.45812208,2105.1,6.1731010299999935
1617647940000,2106.1,2106.4,2107.5,2105.1,6.642136160000006
1617648000000,2106.2,2106.4,2107.6,2105.1,6.188407819999994
1617648060000,2106.2,2106.5,2107.7,2105.1,6.662059710000006
1617648120000,2106.2,2106.5,2107.7,2105.1,6.3138293599999935
1617648180000,2106.4,2106.6,2107.7,2105.2,6.741823120000006
1617648240000,2106.5,2106.6,2107.73615086,2105.3,6.379176879999995
1617648300000,2106.6,2106.6,2107.8,2105.3,6.746866660000005
1617648360000,2106.6,2106.7,2107.8,2105.4,6.3827580199999945
1617648420000,2106.65350166,2106.8,2107.8,2105.4,6.748002740000007
1617648480000,2106.6867498,2106.8,2107.84285055,2105.4,6.470746229999993
1617648540000,2106.7,2106.8,2107.88107279,2105.4213295,6.756454300000008
1617648600000,2106.7,2106.89052574,2107.9,2105.59883115,6.481370189999992
1617648660000,2106.8,2106.9,2107.9,2105.6,6.761346670000008
1617648720000,2106.8,2106.9,2107.9,2105.6,6.551133189999992
1617648780000,2106.8,2106.9,2107.9,2105.7,6.7945556500000075
1617648840000,2106.8,2107.02625461,2107.9,2105.7,6.551583459999992
1617648900000,2106.8,2107.07968,2107.9,2105.7,6.897627840000008
1617648960000,2106.9,2107.1,2108.0,2105.8,6.554933079999992
1617649020000,2107.02625461,2107.1,2108.0,2105.8,6.937100840000007
1617649080000,2107.02625461,2107.14437471,2108.0,2105.8,6.714006159999992
1617649140000,2107.09076696,2107.3,2108.04422284,2105.8,6.945809700000008
1617649200000,2107.1,2107.3,2108.04422284,2105.8,6.750855049999992
1617649260000,2107.1,2107.3,2108.0480103,2105.8,7.031744950000008
1617649320000,2107.14437471,2107.4,2108.1,2105.9,6.764655049999992
1617649380000,2107.2,2107.4,2108.2,2105.9,7.042636220000008
1617649440000,2107.2,2107.4,2108.2,2106.0,6.812518409999991
1617649500000,2107.28354201,2107.6,2108.2,2106.0,7.052201430000008
1617649560000,2107.2900224,2107.6,2108.3,2106.1,6.820045579999991
1617649620000,2107.4,2107.6,2108.3,2106.1,7.131434840000009
1617649680000,2107.4,2107.6,2108.3,2106.1,6.903565159999991
1617649740000,2107.4,2107.7,2108.4,2106.1,7.171848910000009
1617649800000,2107.4,2107.7,2108.4,2106.1895664,6.90457553999999
1617649860000,2107.45812208,2107.7,2108.4,2106.2,7.19166010000001
1617649920000,2107.5,2107.7,2108.4,2106.2,6.916598649999989
1617649980000,2107.6,2107.72529271,2108.5,2106.2,7.22300135000001
1617650040000,2107.6,2107.73615086,2108.55222226,2106.2,6.92667877999999
1617650100000,2107.7,2107.8,2108.56181585,2106.4,7.23020956000001
1617650160000,2107.7,2107.88107279,2108.6,2106.4,7.00243436999999
1617650220000,2107.7,2107.9,2108.7,2106.4,7.2402277500000105
1617650280000,2107.8,2107.9,2108.7,2106.5,7.05269318999999
1617650340000,2107.8,2107.9,2108.7,2106.6,7.242824480000009
1617650400000,2107.9,2107.9,2108.722176,2106.6,7.122159519999992
1617650460000,2107.9,2107.943158,2108.8,2106.6,7.284758540000008
1617650520000,2107.9,2108.0,2108.8,2106.8,7.132447889999992
1617650580000,2108.0,2108.0,2108.8,2106.8,7.3014393900000085
1617650640000,2108.0,2108.0,2108.9,2106.8,7.134260609999992
1617650700000,2108.0,2108.0,2108.9,2106.9,7.3186393900000075
1617650760000,2108.0,2108.0,2108.9,2106.9,7.151380409999992
1617650820000,2108.0480103,2108.0,2108.9,2107.0,7.339641230000008
1617650880000,2108.1,2108.1,2109.0,2107.0,7.152004459999993
1617650940000,2108.1,2108.1,2109.1,2107.0,7.3971955400000065
1617651000000,2108.1473679,2108.1,2109.4,2107.0,7.204145789999994
1617651060000,2108.2,2108.1,2109.4,2107.02625461,7.405994740000007
1617651120000,2108.2,2108.2,2109.5,2107.1,7.228357629999993
1617651180000,2108.2,2108.3,2109.5,2107.1,7.470018130000006
1617651240000,2108.3,2108.3,2109.6,2107.1,7.263981869999994
1617651300000,2108.3,2108.3,2109.6,2107.15263973,7.486018130000006
1617651360000,2108.3,2108.4,2109.6,2107.2,7.338919359999994
1617651420000,2108.4,2108.4,2109.7,2107.2,7.511487640000007
1617651480000,2108.4,2108.4,2109.8,2107.3,7.424471859999994
1617651540000,2108.4,2108.4,2109.85191248,2107.4,7.5384548200000046
1617651600000,2108.4,2108.5,2109.88959127,2107.4,7.454312839999996
1617651660000,2108.5,2108.5,2109.9,2107.5,7.545687160000004
1617651720000,2108.5,2108.55222226,2109.9,2107.5,7.477339339999996
1617651780000,2108.5273207,2108.6,2109.9,2107.6,7.570040920000005
1617651840000,2108.6,2108.6,2109.9,2107.6,7.494702109999996
1617651900000,2108.6,2108.6,2109.9,2107.6,7.604103890000004
1617651960000,2108.6,2108.7,2109.9,2107.7,7.527087559999996
1617652020000,2108.8,2108.7,2110.0,2107.7,7.624753480000003
1617652080000,2108.8,2108.7,2110.0,2107.7,7.530746519999997
1617652140000,2108.8,2108.7,2110.0,2107.7,7.665106000000004
1617652200000,2108.8,2108.7,2110.188043,2107.8,7.534677699999995
1617652260000,2108.8,2108.722176,2110.2,2107.8,7.684117790000005
1617652320000,2108.8,2108.8,2110.2,2107.8,7.569899099999996
1617652380000,2109.0,2108.9,2110.29901242,2107.9,7.703013560000003
1617652440000,2109.2,2108.9,2110.3,2107.9,7.575606439999997
1617652500000,2109.2,2109.0,2110.3,2107.9,7.708181910000003
1617652560000,2109.35517656,2109.0,2110.3439987,2107.9,7.591574289999996
1617652620000,2109.4,2109.0,2110.39133429,2107.9,7.712256270000004
1617652680000,2109.4,2109.1,2110.4,2107.9,7.604122389999996
1617652740000,2109.4,2109.2,2110.4,2107.9,7.7487124900000035
1617652800000,2109.4,2109.3,2110.4,2108.0,7.641365819999996
1617652860000,2109.4,2109.4,2110.4,2108.0,7.752976570000004
1617652920000,2109.5,2109.4,2110.5,2108.0,7.645969409999997
1617652980000,2109.5,2109.4,2110.5,2108.1,7.769790900000003
1617653040000,2109.6,2109.5,2110.6,2108.1,7.651389099999997
1617653100000,2109.6,2109.5,2110.6,2108.1,7.818451900000002
1617653160000,2109.6,2109.5,2110.6,2108.2,7.691199329999997
1617653220000,2109.6,2109.6,2110.6,2108.2,7.826915470000002
1617653280000,2109.7,2109.6,2110.6,2108.3,7.708139529999998
1617653340000,2109.70962589,2109.6,2110.66803575,2108.3,7.838760840000002
1617653400000,2109.8,2109.6,2110.7,2108.3,7.737989849999997
1617653460000,2109.8,2109.620919,2110.77875691,2108.3,7.839568820000003
1617653520000,2109.8,2109.66525907,2110.8,2108.3,7.780979989999998
1617653580000,2109.85191248,2109.8,2110.8,2108.3,7.862031650000003
1617653640000,2109.85916632,2109.8,2110.9,2108.3323315,7.791538549999998
1617653700000,2109.88959127,2109.8,2110.9,2108.4,7.886243400000002
1617653760000,2109.9,2109.9,2110.9,2108.4,7.823643369999998
1617653820000,2109.9,2109.9,2111.0,2108.4,7.895111740000002
1617653880000,2109.9,2109.9,2111.1,2108.40705902,7.904433459999999
1617653940000,2109.9,2109.9,2111.3,2108.5,7.89819154
1617654000000,2109.9,2109.9806631,2111.3,2108.6,7.90719716
1617654060000,2109.9,2110.06305346,2111.3,2108.6,7.899168179999999
1617654120000,2110.0,2110.1,2111.3,2108.6,7.976533300000001
1617654180000,2110.0,2110.1,2111.3,2108.6,7.92962802
1617654240000,2110.1,2110.1,2111.4,2108.61978188,8.03619951
1617654300000,2110.11470773,2110.1465664,2111.4,2108.7,7.95492194
1617654360000,2110.188043,2110.2,2111.4,2108.7,8.04651606
1617654420000,2110.3,2110.2,2111.5,2108.7,7.967127939999999
1617654480000,2110.3,2110.212008,2111.5,2108.8,8.082872060000001
1617654540000,2110.3,2110.3,2111.59678673,2108.8,7.9855027299999986
1617654600000,2110.39133429,2110.4,2111.6,2109.0,8.14760319
1617654660000,2110.4,2110.4,2111.7,2109.0,7.9931322399999996
1617654720000,2110.4,2110.4,2111.7,2109.0,8.16411091
1617654780000,2110.5,2110.4,2111.71752,2109.1,7.994722489999999
1617654840000,2110.5,2110.4,2111.8,2109.1,8.22315182
1617654900000,2110.6,2110.4,2111.8,2109.2,7.997790010000001
1617654960000,2110.6,2110.4,2111.8,2109.2,8.22317011
1617655020000,2110.6,2110.4966172,2111.8,2109.2,8.14089351
1617655080000,2110.6,2110.5,2111.88263718,2109.3,8.27517849
1617655140000,2110.6,2110.5,2111.9,2109.3,8.148001169999999
1617655200000,2110.66803575,2110.6,2111.9,2109.4,8.28453823
1617655260000,2110.7,2110.7,2111.9,2109.4,8.15960657
1617655320000,2110.7,2110.8,2111.9,2109.4,8.29029343
1617655380000,2110.77875691,2110.8,2111.9,2109.4,8.168572030000002
1617655440000,2110.8,2110.8,2111.9,2109.5,8.370927969999999
1617655500000,2110.8,2110.8996552,2112.0,2109.6,8.208207210000003
1617655560000,2110.88323574,2110.9,2112.1,2109.6,8.412653469999997
1617655620000,2110.9,2110.9,2112.1,2109.6,8.225239000000004
1617655680000,2110.9,2110.9,2112.1,2109.6,8.425461179999997
1617655740000,2110.9,2110.9,2112.1,2109.6,8.225418620000001
1617655800000,2111.0,2111.0,2112.1,2109.66525907,8.54018788
1617655860000,2111.0,2111.0,2112.154707,2109.8,8.250760650000002
1617655920000,2111.18980334,2111.1,2112.18668415,2109.8,8.541758959999997
1617655980000,2111.2,2111.1,2112.2,2109.8,8.28830257
1617656040000,2111.2,2111.1,2112.2,2109.85916632,8.583997429999998
1617656100000,2111.2,2111.1,2112.3,2109.9,8.289571420000003
1617656160000,2111.2,2111.1,2112.4,2109.9,8.585760489999997
1617656220000,2111.3,2111.2,2112.4,2109.9,8.289765550000004
1617656280000,2111.3,2111.2,2112.4,2110.0,8.602605899999995
1617656340000,2111.3,2111.2,2112.4,2110.0,8.315902730000007
1617656400000,2111.3,2111.3,2112.6,2110.0,8.603097269999994
1617656460000,2111.3,2111.3,2112.6,2110.0,8.382214560000007
1617656520000,2111.3,2111.3,2112.6,2110.0,8.689773759999992
1617656580000,2111.3,2111.4,2112.7,2110.1,8.389126240000008
1617656640000,2111.4,2111.4,2112.7,2110.1,8.69765231999999
1617656700000,2111.4,2111.4,2112.8,2110.1,8.421505470000008
1617656760000,2111.4,2111.4,2112.8,2110.1465664,8.70151300999999
1617656820000,2111.4,2111.44550642,2112.9,2110.16163915,8.49032765000001
1617656880000,2111.4,2111.5,2112.9,2110.28087374,8.703231029999989
1617656940000,2111.4,2111.5,2112.9,2110.3,8.515668970000013
1617657000000,2111.5,2111.5,2113.0,2110.3,8.730019839999988
1617657060000,2111.5,2111.6,2113.09435402,2110.3,8.561581760000012
1617657120000,2111.5,2111.6,2113.1,2110.4,8.777035809999989
1617657180000,2111.53426379,2111.6,2113.11616126,2110.4,8.593048560000012
1617657240000,2111.6,2111.6,2113.2,2110.4,8.779109019999987
1617657300000,2111.6,2111.7,2113.3,2110.5,8.60679500000001
1617657360000,2111.7,2111.8,2113.3,2110.5,8.85434606999999
1617657420000,2111.71752,2111.8,2113.3,2110.5,8.63759153000001
1617657480000,2111.8,2111.8,2113.3282387,2110.5,8.872408469999991
1617657540000,2111.8,2111.8,2113.3696164,2110.6,8.69188417000001
1617657600000,2111.8,2111.852548,2113.4,2110.6,8.88837089999999
1617657660000,2111.831495,2111.88263718,2113.4,2110.6,8.73171053000001
1617657720000,2111.9,2111.9,2113.4,2110.6,8.89960290999999
1617657780000,2111.9,2111.9,2113.5,2110.6,8.74039709000001
1617657840000,2111.9,2111.9,2113.5,2110.6,8.909765219999988
1617657900000,2111.9,2111.9825682,2113.52877433,2110.6,8.818567670000013
1617657960000,2112.0,2112.08469806,2113.6,2110.6,8.910832899999987
1617658020000,2112.0,2112.1,2113.6,2110.7,8.829167100000012
1617658080000,2112.1,2112.1,2113.62038306,2110.8,8.923480879999987
1617658140000,2112.1,2112.1,2113.6394291,2110.8,8.874219120000012
1617658200000,2112.1,2112.1,2113.7,2110.8,8.960980879999989
1617658260000,2112.1,2112.2,2113.7,2110.8,8.99508434000001
1617658320000,2112.1,2112.2,2113.8,2110.8,8.96872021999999
1617658380000,2112.154707,2112.3,2113.8,2110.9,9.201559520000012
1617658440000,2112.2,2112.3,2113.88317522,2110.9,8.990326779999988
1617658500000,2112.2,2112.3,2113.9,2110.9,9.215024530000013
1617658560000,2112.2,2112.3,2113.9,2110.9,9.045770199999987
1617658620000,2112.2,2112.3575375,2113.9,2110.9,9.326101090000014
1617658680000,2112.20280378,2112.4,2113.9,2110.9,9.071351809999987
1617658740000,2112.2549415,2112.4,2113.9,2111.0,9.328851730000013
1617658800000,2112.3,2112.4,2113.9,2111.0,9.168979209999987
1617658860000,2112.3,2112.5,2113.9,2111.1,9.35374279000001
1617658920000,2112.4,2112.5,2113.9,2111.1,9.22234939999999
1617658980000,2112.5,2112.5103045,2113.9,2111.1,9.39442380000001
1617659040000,2112.5,2112.6,2114.0,2111.1,9.31035011999999
1617659100000,2112.6,2112.6,2114.1,2111.1,9.42507983000001
1617659160000,2112.6,2112.7,2114.1,2111.1,9.317357299999989
1617659220000,2112.6,2112.7,2114.1,2111.1322816,9.47629927000001
1617659280000,2112.7,2112.8,2114.1,2111.1654483,9.373554229999991
1617659400000,2112.8,2112.8,2114.11495386,2111.1723108,9.476345770000007
1617659460000,2112.81997255,2112.8246526,2114.19160246,2111.2,9.419760519999992
1617659520000,2112.9,2112.85306315,2114.19960795,2111.3,9.530693510000008
1617659580000,2112.9,2112.9,2114.2,2111.3,9.523302179999993
1617659640000,2112.9,2112.9,2114.2,2111.4,9.608139750000008
1617659700000,2112.9,2113.0,2114.2,2111.4,9.613803139999993
1617659760000,2113.0,2113.0,2114.2,2111.4,9.665720090000006
1617659820000,2113.1,2113.1,2114.21060113,2111.4,9.617201929999995
1617659880000,2113.1,2113.2,2114.3,2111.4,9.719098070000006
1617659940000,2113.1,2113.2,2114.3,2111.5,9.727729169999995
1617660000000,2113.1,2113.2,2114.4,2111.5,9.770701090000005
1617660060000,2113.1,2113.3,2114.4,2111.5,9.729298909999995
1617660120000,2113.1,2113.3,2114.4,2111.53426379,9.782226000000003
1617660180000,2113.3,2113.3,2114.4,2111.6,9.744056089999996
1617660240000,2113.3,2113.4,2114.4,2111.6,9.809915130000006
1617660300000,2113.3,2113.5,2114.4,2111.6,9.805061889999996
1617660360000,2113.3282387,2113.5,2114.4,2111.7,9.818643110000005
1617660420000,2113.3696164,2113.6,2114.5,2111.7,9.836956869999996
1617660480000,2113.4,2113.6,2114.5,2111.8,9.836152530000005
1617660540000,2113.4571633,2113.6,2114.5,2111.831495,9.865817159999994
1617660600000,2113.5,2113.62038306,2114.5,2111.9,9.951911420000007
1617660660000,2113.5,2113.7,2114.6,2111.9,9.879790529999992
1617660720000,2113.5,2113.7,2114.6,2111.9,9.975764040000007
1617660780000,2113.53288,2113.7,2114.7,2112.0,9.928020449999993
1617660840000,2113.6,2113.7,2114.7,2112.0,10.045005260000009
1617660900000,2113.6,2113.7,2114.7878635,2112.080592,9.94480431999999
1617660960000,2113.6,2113.728435,2114.8,2112.1,10.047385270000008
1617661020000,2113.6,2113.73852841,2114.82076122,2112.1,9.991914729999992
1617661080000,2113.6,2113.8,2114.9,2112.1,10.064488470000006
1617661140000,2113.62038306,2113.8,2114.9,2112.2,9.998038869999993
1617661200000,2113.6394291,2113.8,2114.9,2112.20280378,10.101961130000005
1617661260000,2113.7,2113.8,2114.9,2112.3,10.112936609999997
1617661320000,2113.8,2113.8,2114.9,2112.4,10.102457350000003
1617661380000,2113.8,2113.9,2114.9,2112.4,10.140017559999995
1617661440000,2113.8,2113.9,2114.9,2112.6,10.120382440000006
1617661500000,2113.87569553,2113.9,2114.9,2112.6,10.159399149999993
1617661560000,2113.9,2114.0,2115.0,2112.6,10.183436510000009
1617661620000,2113.9,2114.0,2115.1,2112.6,10.172046369999991
1617661680000,2113.9,2114.1,2115.1,2112.6,10.238083630000007
1617661740000,2113.9,2114.19960795,2115.1,2112.649154,10.305916369999993
1617661800000,2113.9,2114.19960795,2115.15655695,2112.7,10.349290650000006
1617661860000,2113.9,2114.2,2115.2,2112.7,10.308340849999995
1617661920000,2114.0,2114.2,2115.2,2112.8,10.408966960000006
1617661980000,2114.1,2114.2,2115.24292781,2112.8,10.463316329999993
1617662040000,2114.1,2114.2,2115.3,2112.9,10.458797950000006
1617662100000,2114.1,2114.2,2115.3,2112.9,10.470610099999993
1617662160000,2114.1,2114.27307,2115.4,2112.9,10.460457010000008
1617662220000,2114.1,2114.28874959,2115.4,2112.9,10.473942989999992
1617662280000,2114.1544248,2114.3,2115.4,2113.1,10.465630960000007
1617662340000,2114.19960795,2114.3,2115.4,2113.1,10.568052169999993
1617662400000,2114.2,2114.4,2115.4,2113.1,10.588295190000009
1617662460000,2114.2,2114.4,2115.4,2113.1,10.609204809999992
1617662520000,2114.3,2114.4,2115.5,2113.1,10.62240341000001
1617662580000,2114.32870685,2114.4,2115.5,2113.2,10.638983869999992
1617662640000,2114.4,2114.4,2115.5,2113.2,10.634216130000008
1617662700000,2114.4,2114.4,2115.52095658,2113.3,10.655237689999991
1617662760000,2114.4,2114.4,2115.56729575,2113.3,10.692868200000008
1617662820000,2114.492222,2114.5,2115.6,2113.3,10.68456185999999
1617662880000,2114.56554589,2114.5,2115.6,2113.4,10.698724780000012
1617662940000,2114.58167588,2114.5,2115.6,2113.4571633,10.69795681999999
1617663000000,2114.6,2114.5,2115.6,2113.5,10.80364391000001
1617663060000,2114.6,2114.5,2115.62885408,2113.5,10.72975665999999
1617663120000,2114.6,2114.5176879,2115.67516689,2113.5,10.912782340000009
1617663180000,2114.69978914,2114.6,2115.69214054,2113.6,10.795517659999993
1617663240000,2114.7,2114.6,2115.7,2113.6,10.952721350000006
1617663300000,2114.7,2114.6,2115.7,2113.6,11.060641549999994
1617663360000,2114.7,2114.6,2115.7,2113.62038306,10.973458090000006
1617663420000,2114.8,2114.6,2115.79320278,2113.7,11.168996239999993
1617663480000,2114.8,2114.64306007,2115.8,2113.728435,11.042855060000006
1617663540000,2114.8,2114.7,2115.9,2113.8,11.213443629999995
1617663600000,2114.8,2114.7,2115.9,2113.8,11.084423490000004
1617663660000,2114.82076122,2114.7,2115.9,2113.8,11.215372969999995
1617663720000,2114.86322477,2114.7,2115.9,2113.8,11.277803790000005
1617663780000,2114.9,2114.7,2115.9,2113.9,11.232781049999994
1617663840000,2114.9,2114.8,2115.9,2113.9,11.312632760000005
1617663900000,2114.9,2114.89991391,2115.9,2113.9,11.272467239999996
1617663960000,2114.9,2114.9,2116.1,2114.1,11.332457760000006
1617664020000,2115.1,2114.9,2116.1505312,2114.1,11.364305779999993
1617664080000,2115.1,2114.9,2116.2,2114.1,11.339016210000006
1617664140000,2115.1,2114.9,2116.2,2114.1,11.367552569999992
1617664200000,2115.1,2114.9,2116.2,2114.1,11.359547430000008
1617664260000,2115.15655695,2115.0,2116.2,2114.1,11.41038754999999
1617664320000,2115.2,2115.0,2116.4,2114.1544248,11.38331102000001
1617664380000,2115.2,2115.1,2116.4,2114.19960795,11.517938979999991
1617664440000,2115.2,2115.1,2116.4,2114.2,11.432325630000006
1617664500000,2115.24292781,2115.1,2116.6,2114.2,11.530176969999994
1617664560000,2115.4,2115.2,2116.7,2114.2,11.471936450000007
1617664620000,2115.4,2115.2,2116.7,2114.3,11.623013769999991
1617664680000,2115.4,2115.2,2116.84823068,2114.3,11.48629056000001
1617664740000,2115.4,2115.24292781,2116.9,2114.492222,11.71247552999999
1617664800000,2115.4,2115.3,2116.9,2114.5,11.521368130000011
1617664860000,2115.4,2115.3,2116.9,2114.5,11.729805699999988
1617664920000,2115.5,2115.3,2116.9,2114.57847854,11.618234080000013
1617664980000,2115.5,2115.3,2117.0,2114.58167588,11.840065919999985
1617665040000,2115.56729575,2115.4,2117.1,2114.6,11.647054060000015
1617665100000,2115.6,2115.4,2117.1,2114.6,11.848636139999984
1617665160000,2115.6,2115.5,2117.1,2114.6,11.680605660000017
1617665220000,2115.6,2115.6,2117.1,2114.69978914,11.863933909999984
1617665280000,2115.7,2115.6,2117.1,2114.7,11.692273420000015
1617665340000,2115.8,2115.6,2117.1,2114.7,11.894828709999986
1617665400000,2115.9,2115.8,2117.2,2114.7,11.728259730000014
1617665460000,2115.9,2115.9,2117.2,2114.7,12.009614759999986
1617665520000,2116.0,2115.9,2117.2,2114.8,11.792208240000013
1617665580000,2116.0,2115.9,2117.3,2114.8,12.101655079999988
1617665640000,2116.1,2115.95144878,2117.3,2114.8,11.814495120000013
1617665700000,2116.1,2116.1,2117.31184038,2114.9,12.121830899999987
1617665760000,2116.1,2116.1,2117.3152086,2114.9,11.834232670000011
1617665820000,2116.1,2116.1,2117.33967181,2115.1,12.248189469999991
1617665880000,2116.1,2116.1,2117.5,2115.1,11.83760266000001
1617665940000,2116.2,2116.2,2117.6,2115.1,12.341087159999988
1617666000000,2116.2,2116.2,2117.6,2115.1,11.928242030000012
1617666060000,2116.26534631,2116.21962776,2117.7,2115.1,12.384778089999989
1617666120000,2116.3,2116.3,2117.7,2115.1,11.929158510000013
1617666180000,2116.3,2116.4,2117.7,2115.2,12.780126309999988
1617666240000,2116.4,2116.4,2117.7737265,2115.2,11.986936100000014
1617666300000,2116.4,2116.5,2117.8,2115.3,12.818782779999987
1617666360000,2116.5,2116.6,2117.8,2115.4,11.993225220000012
1617666420000,2116.7,2116.6,2117.8,2115.4,12.852716839999987
1617666480000,2116.70771454,2116.7,2117.8,2115.4,12.018218420000013
1617666540000,2116.8,2116.7,2117.8,2115.5,12.897981579999987
1617666600000,2116.8,2116.7,2117.8,2115.5,12.040249920000013
1617666660000,2116.9,2116.7,2117.9,2115.6,12.904665379999985
1617666720000,2116.9,2116.7,2117.9,2115.6,12.076260440000015
1617666780000,2117.0,2116.8,2117.9,2115.6,13.021233449999984
1617666840000,2117.0,2116.8,2117.9,2115.7,12.108401820000017
1617666900000,2117.1,2116.93799083,2117.91547892,2115.7,13.097680069999983
1617666960000,2117.1,2116.98487557,2117.91784867,2115.8,12.143208280000016
1617667020000,2117.1,2117.0,2118.0,2115.8,13.122175719999985
1617667080000,2117.1,2117.1,2118.0,2115.8,12.280712100000015
1617667140000,2117.1,2117.1,2118.0,2115.91216571,13.169287899999985
1617667200000,2117.1,2117.1,2118.0,2116.0,12.376723900000014
1617667260000,2117.1,2117.2,2118.1,2116.0,13.176128229999984
1617667320000,2117.1,2117.3,2118.1,2116.1,12.378345330000018
1617667380000,2117.2,2117.3,2118.1,2116.1,13.216122779999983
1617667440000,2117.2,2117.3,2118.1,2116.1,12.489491370000016
1617667500000,2117.2,2117.3,2118.10057574,2116.1,13.389793799999984
1617667560000,2117.2,2117.33967181,2118.2,2116.1,12.534127190000016
1617667620000,2117.3,2117.4,2118.3,2116.1,13.511281159999983
1617667680000,2117.3,2117.4,2118.4,2116.1,12.604603150000019
1617667740000,2117.3,2117.4,2118.4,2116.1,13.514647279999982
1617667800000,2117.31184038,2117.5,2118.4,2116.1,12.746111660000016
1617667860000,2117.33967181,2117.5,2118.4,2116.1,13.599183559999984
1617667920000,2117.4889256,2117.5,2118.5,2116.2,12.871507560000014
1617667980000,2117.5,2117.5,2118.6,2116.21962776,13.626920559999986
1617668040000,2117.5,2117.6,2118.6,2116.3,12.945060210000014
1617668100000,2117.5,2117.6,2118.6,2116.4,13.710531019999985
1617668160000,2117.58983051,2117.6,2118.7,2116.4,13.021901040000015
1617668220000,2117.59484338,2117.6,2118.7,2116.5,13.794498959999986
1617668280000,2117.6,2117.6,2118.7,2116.6,13.115759440000014
1617668340000,2117.6,2117.6,2118.70261957,2116.6,13.898267729999985
1617668400000,2117.6,2117.61510777,2118.88693016,2116.6,13.144846980000013
1617668460000,2117.6,2117.7,2118.9,2116.6,13.990882889999986
1617668520000,2117.6,2117.7,2118.9,2116.6,13.169410620000013
1617668580000,2117.61432197,2117.7,2119.0,2117.0,14.165491979999986
1617668640000,2117.7,2117.78879215,2119.1,2117.0,13.182908020000015
1617668700000,2117.7,2117.8,2119.2,2117.1,14.169039679999985
1617668760000,2117.8,2117.8,2119.2,2117.1,13.215945420000017
1617668820000,2117.8,2117.8,2119.30156811,2117.1,14.192153769999985
1617668880000,2117.81122332,2117.8,2119.4,2117.1,13.298946230000015
1617668940000,2117.9,2117.9,2119.4,2117.1,14.505609769999984
1617669000000,2117.9,2117.9,2119.4,2117.1,13.356327220000017
1617669060000,2117.9,2117.9,2119.4,2117.1,14.761163179999985
1617669120000,2117.9,2118.0,2119.5,2117.1,13.494831800000016
1617669180000,2117.9,2118.0,2119.6,2117.2,14.769753639999985
1617669240000,2117.91784867,2118.0,2119.6,2117.2,13.496383180000015
1617669300000,2118.0,2118.1,2119.6,2117.2,14.785675089999986
1617669360000,2118.0,2118.2,2119.6,2117.2,13.540050480000014
1617669420000,2118.0,2118.3,2119.6,2117.2,15.016567069999985
1617669480000,2118.1,2118.34576939,2119.7,2117.3,13.613563470000015
1617669540000,2118.2,2118.4,2119.7,2117.3,15.129333569999984
1617669600000,2118.4,2118.4,2119.72467896,2117.33967181,13.633098790000018
1617669660000,2118.4,2118.5,2119.8,2117.4,15.259267229999983
1617669720000,2118.4,2118.6,2119.8,2117.5,13.749036680000016
1617669780000,2118.46137747,2118.6,2119.8,2117.5,15.260493259999985
1617669840000,2118.5,2118.7,2119.8,2117.5,13.771242570000014
1617669900000,2118.53903905,2118.7,2119.8,2117.58983051,15.269623789999988
1617669960000,2118.6,2118.70261957,2119.9,2117.59484338,13.794686620000013
1617670020000,2118.6,2118.8,2119.9,2117.6,15.291613149999987
1617670080000,2118.7,2118.8,2119.9,2117.6,13.844470850000013
1617670140000,2118.7,2118.9,2119.9,2117.6,15.296540849999987
1617670200000,2118.7,2118.9,2119.9,2117.6,13.860816880000014
1617670260000,2118.70261957,2118.950946,2119.9,2117.6,15.466624389999987
1617670320000,2118.87983462,2119.0,2119.9,2117.6,14.139375610000014
1617670380000,2118.88693016,2119.1,2119.9,2117.7,15.661947159999984
1617670440000,2119.1,2119.1,2119.99026065,2117.7,14.153652840000015
1617670500000,2119.1,2119.1,2120.0,2117.7,15.823571169999985
1617670560000,2119.1,2119.2,2120.0,2117.7,14.235757670000018
1617670620000,2119.2,2119.2,2120.0,2117.81122332,15.964258159999984
1617670680000,2119.3,2119.2,2120.03283805,2117.9,14.243324400000018
1617670740000,2119.3,2119.3,2120.1,2118.0,15.964798939999982
1617670800000,2119.4,2119.3,2120.1,2118.0,14.30568229000002
1617670860000,2119.6,2119.4,2120.2,2118.2,15.994275469999982
1617670920000,2119.6,2119.5,2120.2,2118.3,14.325242640000019
1617670980000,2119.6,2119.5,2120.2,2118.3155784,16.01385681999998
1617671040000,2119.68234635,2119.6,2120.2,2118.5,14.39848691000002
1617671100000,2119.7,2119.6,2120.3,2118.5,16.03201308999998
1617671160000,2119.8,2119.6,2120.4,2118.5,14.41801089000002
1617671220000,2119.8,2119.6,2120.4,2118.6,16.050722559999983
1617671280000,2119.8,2119.609312,2120.4,2118.6,14.547099040000017
1617671340000,2119.8,2119.8,2120.5,2118.70261957,16.100031329999982
1617671400000,2119.89246243,2119.8,2120.5,2118.87983462,14.552368670000018
1617671460000,2119.9,2119.8,2120.5,2118.9,16.12387337999998
1617671520000,2119.9,2119.9,2120.5,2119.1,14.566779150000016
1617671580000,2119.9,2119.9,2120.5,2119.1,16.238959769999983
1617671640000,2119.9,2119.9,2120.51356862,2119.1,14.886640230000015
1617671700000,2119.9,2119.9,2120.6,2119.1,16.344259769999983
1617671760000,2119.95533256,2119.95533256,2120.7,2119.1,14.958280590000015
1617671820000,2120.0,2120.0,2120.7,2119.1,16.401476079999984
1617671880000,2120.1,2120.1,2120.7,2119.2,14.998357530000018
1617671940000,2120.1,2120.1,2120.7,2119.3,16.41189900999998
1617672000000,2120.1,2120.2,2120.8,2119.3,15.032541190000018
1617672060000,2120.2,2120.2,2120.9,2119.4,16.447741519999983
1617672120000,2120.2,2120.3,2120.9,2119.5,15.056361150000015
1617672180000,2120.2,2120.3,2120.9,2119.5,16.464825829999985
1617672240000,2120.2,2120.4,2120.9,2119.6,15.151659460000015
1617672300000,2120.3,2120.4,2120.9,2119.6,16.522477869999985
1617672360000,2120.4,2120.4,2120.9,2119.6,15.308698140000015
1617672420000,2120.4,2120.5,2120.9,2119.6,17.009415419999986
1617672480000,2120.4,2120.5,2121.1,2119.6,15.40931853000001
1617672540000,2120.4,2120.5,2121.2,2119.609312,17.32448246999999
1617672600000,2120.5,2120.5,2121.3,2119.7,15.496885030000012
1617672660000,2120.5,2120.5,2121.4,2119.8,17.333674689999985
1617672720000,2120.5,2120.6,2121.4,2119.89246243,15.500798620000015
1617672780000,2120.5,2120.7,2121.4,2119.9,17.375874249999985
1617672840000,2120.5,2120.7,2121.4,2119.9,15.507908340000018
1617672900000,2120.5,2120.7,2121.4,2119.9,17.451616079999983
1617672960000,2120.5,2120.7,2121.4,2119.95533256,15.720709790000019
1617673020000,2120.5,2120.7,2121.4,2119.95533256,17.46488913999998
1617673080000,2120.5,2120.8,2121.5,2120.0,15.804102560000022
1617673140000,2120.6,2120.8,2121.5,2120.0,17.571752059999977
1617673200000,2120.7,2120.9,2121.5,2120.1,15.829990800000022
1617673260000,2120.8,2120.9,2121.5,2120.1,17.663940049999976
1617673320000,2120.9,2120.9,2121.6,2120.1,15.854347010000023
1617673380000,2120.9,2120.9,2121.7,2120.1,17.744794789999975
1617673440000,2120.9,2120.9,2121.8,2120.1,15.928766990000025
1617673500000,2120.9,2120.9,2121.9,2120.1,17.998563219999976
1617673560000,2120.9,2121.0,2121.9,2120.15469896,16.042336780000024
1617673620000,2121.1,2121.1,2121.9,2120.2,18.059625979999975
1617673680000,2121.1,2121.1,2121.9,2120.2,16.133793580000027
1617673740000,2121.2,2121.2,2122.1,2120.2,18.065805109999975
1617673800000,2121.4,2121.4,2122.1,2120.4,16.336241470000022
1617673860000,2121.4,2121.4,2122.1,2120.4,18.264456289999973
1617673920000,2121.4,2121.4,2122.3,2120.4,16.368711510000022
1617673980000,2121.4,2121.4,2122.8,2120.4,18.32807318999998
1617674040000,2121.4,2121.4,2122.8,2120.4,16.583805960000017
1617674100000,2121.5,2121.5,2122.9,2120.5,18.43847321999998
1617674160000,2121.5,2121.5,2122.9,2120.5,16.99264068000002
1617674220000,2121.6,2121.6,2122.9,2120.5,18.449614239999978
1617674280000,2121.6,2121.7,2122.9,2120.5,17.350858410000026
1617674340000,2121.8,2121.7,2122.9,2120.5,18.742897109999976
1617674400000,2121.8,2121.8,2122.9,2120.6,17.738699040000025
1617674460000,2121.8,2121.9,2123.0,2120.7,18.788048229999976
1617674520000,2121.8,2122.0,2123.0,2120.7,17.789078070000027
1617674580000,2121.9,2122.0,2123.1,2120.8,18.83019387999997
1617674640000,2122.0,2122.1,2123.16832508,2121.1,17.842161070000028
1617674700000,2122.1,2122.1,2123.2,2121.1,18.87016536999997
1617674760000,2122.1,2122.1,2123.2,2121.1,17.89234868000003
1617674820000,2122.1,2122.1,2123.2,2121.1,19.95995731999997
1617674880000,2122.5,2122.3,2123.2,2121.122862,17.98023318000003
1617674940000,2122.7,2122.5,2123.2,2121.2,20.01636681999997
1617675000000,2122.7,2122.6,2123.2445469,2121.31126128,18.236523310000035
1617675060000,2122.8,2122.610391,2123.4,2121.4,20.050014419999965
1617675120000,2122.8,2122.7,2123.5,2121.5,18.284582210000035
1617675180000,2122.8,2122.8,2123.5,2121.6,20.115620719999963
1617675240000,2122.8,2122.8,2123.5,2121.6,18.340113280000036
1617675300000,2122.81664936,2122.8,2123.6,2121.8,20.17654792999996
1617675360000,2122.83177451,2122.8,2123.7,2121.8,18.356888100000038
1617675420000,2122.8367887,2122.8,2123.9,2121.9,20.195988289999963
1617675480000,2122.9,2122.8,2123.9,2121.9,18.65862612000004
1617675540000,2123.1,2123.0,2123.9,2122.0,20.27497387999996
1617675600000,2123.1,2123.1,2124.0,2122.0,18.697614890000043
1617675660000,2123.16832508,2123.2,2124.0,2122.0,20.354736189999958
1617675780000,2123.2,2123.2,2124.0,2122.1,18.71495026000004
1617675840000,2123.2,2123.2,2124.2,2122.1,20.445160539999957
1617675900000,2123.2445469,2123.3,2124.2410776,2122.1,18.77695983000004
1617675960000,2123.2487976,2123.4,2124.3,2122.24037629,20.446895679999958
1617676020000,2123.3,2123.4,2124.3,2122.3,18.79182757000004
1617676080000,2123.4,2123.5,2124.4,2122.4,20.498315049999956
1617676200000,2123.4,2123.6,2124.4,2122.5,19.02717485000004
1617676260000,2123.4,2123.7,2124.5,2122.5,20.56348685999996
1617676320000,2123.5,2123.7,2124.6,2122.7,19.38427231000004
1617676380000,2123.5,2123.7,2124.6,2122.7,20.85315384999996
1617676440000,2123.5,2123.8,2124.67915402,2122.7,19.466401610000037
1617676500000,2123.6,2123.8,2124.7,2122.8,20.85871425999996
1617676560000,2123.6,2123.88767313,2124.7,2122.8,19.638242260000037
1617676620000,2123.7,2123.9,2124.7,2122.8,21.10717535999996
1617676680000,2123.7,2123.9,2124.7,2122.81664936,19.64166109000004
1617676740000,2123.88767313,2123.9,2124.7,2123.1,21.215044739999964
1617676800000,2124.0,2123.9,2124.8,2123.2,19.873113340000035
1617676860000,2124.1,2123.9,2124.8,2123.2,21.279622759999963
1617676920000,2124.1,2124.0,2124.9,2123.2,20.006738650000035
1617676980000,2124.2,2124.1,2124.94170912,2123.3,21.293247239999967
1617677040000,2124.2,2124.2410776,2125.1,2123.3,20.106783600000032
1617677100000,2124.3,2124.3,2125.1,2123.3,21.358767479999965
1617677160000,2124.3,2124.3,2125.1,2123.4,20.25193289000003
1617677220000,2124.3,2124.4,2125.1,2123.5,21.41343294999997
1617677280000,2124.3,2124.4,2125.1,2123.5,20.58418636000003
1617677340000,2124.4,2124.5,2125.1153586,2123.5,21.430036129999973
1617677400000,2124.4,2124.5,2125.2,2123.6,20.68621087000003
1617677460000,2124.4,2124.6,2125.2,2123.6,21.76051909999997
1617677520000,2124.6,2124.6,2125.2,2123.6,21.289480900000026
1617677580000,2124.6,2124.6,2125.2,2123.7,22.355866339999974
1617677640000,2124.6,2124.6,2125.2,2123.7,21.38812897000003
1617677700000,2124.67915402,2124.6,2125.3,2123.8,22.45920297999997
1617677760000,2124.7,2124.7,2125.3,2123.8,21.40370623000003
1617677820000,2124.7,2124.7,2125.3,2123.8,22.465393769999974
1617677880000,2124.7,2124.8,2125.3,2123.9,21.50946901000003
1617677940000,2124.7,2124.8,2125.3,2124.0,22.807479909999973
1617678000000,2124.7,2124.8,2125.3,2124.1,21.58352222000003
1617678060000,2124.7,2124.9,2125.3462675,2124.1,23.10045650999997
1617678120000,2124.70559137,2124.9,2125.37242897,2124.1,21.615360520000035
1617678180000,2124.9,2124.9,2125.4,2124.2,23.167333819999964
1617678240000,2125.0,2125.1,2125.4,2124.3,21.808796220000037
1617678300000,2125.0,2125.1,2125.5,2124.3,23.51101524999996
1617678360000,2125.0,2125.1,2125.5,2124.3,22.262852700000042
1617678420000,2125.1,2125.1,2125.6,2124.3,23.655244319999955
1617678480000,2125.1,2125.1,2125.6,2124.3496358,22.455022040000042
1617678540000,2125.1,2125.2,2125.6,2124.4,23.730508379999957
1617678600000,2125.1153586,2125.2,2125.7,2124.4,22.630962270000044
1617678660000,2125.2,2125.2,2125.7,2124.4,23.86691284999996
1617678720000,2125.2,2125.2,2125.8,2124.5,22.72408952000004
1617678780000,2125.2,2125.3,2125.8,2124.6,24.42591047999996
1617678840000,2125.2,2125.3,2125.8,2124.6,22.746763040000044
1617678900000,2125.3,2125.3,2125.8,2124.6,24.473545139999953
1617679080000,2125.3,2125.3,2125.8,2124.6,22.818062460000046
1617679140000,2125.3,2125.3,2125.9,2124.7,24.539874029999954
1617679200000,2125.3,2125.3,2125.9,2124.7,22.82107185000005
1617679260000,2125.3,2125.3,2125.9,2124.7,24.69956693999995
1617679320000,2125.3,2125.4,2125.9,2124.70559137,22.88923306000005
1617679380000,2125.3462675,2125.4,2125.95194531,2124.8,25.199077049999953
1617679440000,2125.37242897,2125.4,2126.0,2124.9,23.248024130000044
1617679500000,2125.4,2125.5,2126.0,2125.0,25.510248449999953
1617679560000,2125.4,2125.6,2126.0,2125.0,23.26549381000005
1617679620000,2125.4,2125.6,2126.0,2125.1,25.624979369999952
1617679680000,2125.4,2125.6,2126.1,2125.1,23.32676355000005
1617679800000,2125.4,2125.6,2126.1,2125.1,26.11859162999995
1617679860000,2125.5,2125.7,2126.15869612,2125.1,23.375220280000047
1617679920000,2125.6,2125.7,2126.3,2125.1,26.15909589999995
1617679980000,2125.6,2125.7,2126.31640962,2125.1,23.505886310000047
1617680040000,2125.7,2125.7,2126.4,2125.1,26.20914368999995
1617680100000,2125.7,2125.7,2126.4,2125.2,23.59392470000005
1617680160000,2125.7,2125.8,2126.6,2125.2,26.283757239999954
1617680220000,2125.7,2125.8,2126.6,2125.2,23.939637760000043
1617680280000,2125.7256576,2125.8,2126.7,2125.2,26.532041379999956
1617680340000,2125.8,2125.9,2126.7,2125.2,24.00949759000005
1617680400000,2125.8,2125.9,2126.8,2125.3,26.595452409999954
1617680460000,2125.8,2125.9,2126.8,2125.3,24.218107910000047
1617680520000,2125.8,2125.9,2126.8,2125.3,27.209592089999955
1617680580000,2125.8,2125.9,2126.9,2125.3,24.518378940000044
1617680640000,2125.8,2125.95194531,2126.9,2125.4,27.411539759999958
1617680700000,2125.95194531,2125.96841998,2126.9,2125.4,24.577140240000045
1617680760000,2126.0,2126.0,2126.9,2125.4,27.509651409999957
1617680820000,2126.1,2126.0,2126.9,2125.4,24.837010220000042
1617680880000,2126.1,2126.0,2126.9,2125.4,27.54900291999996
1617680940000,2126.1,2126.0,2126.9,2125.5,25.46672696000004
1617681000000,2126.1,2126.0,2127.0,2125.5,27.63448416999996
1617681060000,2126.1,2126.1,2127.0,2125.5,26.21413339000004
1617681120000,2126.3,2126.1,2127.0,2125.6,27.656657679999956
1617681180000,2126.3,2126.2,2127.1,2125.6,26.251139310000045
1617681240000,2126.3,2126.3,2127.1,2125.6,28.03057068999996
1617681300000,2126.4,2126.3,2127.1,2125.6,26.45272931000004
1617681360000,2126.4,2126.3,2127.1,2125.7,28.118646809999955
1617681420000,2126.5,2126.3,2127.2,2125.7,26.91313183000005
1617681480000,2126.5,2126.4,2127.2,2125.7,28.34892191999995
1617681540000,2126.6,2126.5,2127.2,2125.7,27.182015870000047
1617681600000,2126.6,2126.5,2127.3,2125.7,28.785854829999952
1617681660000,2126.6,2126.5,2127.5,2125.7256576,27.20343834000005
1617681720000,2126.7,2126.6,2127.5,2125.8,28.90869750999995
1617681780000,2126.7,2126.6,2127.5,2125.8,27.355736020000048
1617681840000,2126.70457922,2126.7,2127.6,2125.8,28.926287679999955
1617681900000,2126.8,2126.70457922,2127.6,2125.8,27.539671490000043
1617681960000,2126.8,2126.8,2127.6,2125.9,29.25560710999996
1617682020000,2126.8,2126.8,2127.7,2125.9,27.73161564000004
1617682080000,2126.8,2126.9,2127.7,2125.9,29.44243624999996
1617682140000,2126.83945662,2126.9,2127.7,2125.95194531,27.966007180000037
1617682200000,2126.9,2126.9,2127.7,2126.0,30.174768439999962
1617682260000,2126.9,2126.9,2127.8,2126.1,28.682801060000035
1617682320000,2126.9,2126.9,2127.9,2126.1,30.244416119999965
1617682380000,2126.9,2126.9,2127.9,2126.1,28.851683880000035
1617682440000,2126.9,2127.0,2127.9,2126.2,30.25251514999996
1617682500000,2127.0,2127.0,2127.90842429,2126.3,29.400403450000038
1617682560000,2127.1,2127.1,2128.1,2126.3,30.314269679999963
1617682620000,2127.1,2127.1,2128.1,2126.3,30.010003620000038
1617682680000,2127.1,2127.1,2128.1,2126.3,30.42338854999996
1617682740000,2127.1070021,2127.2,2128.2,2126.4,30.177213450000036
1617682800000,2127.16537824,2127.2,2128.3,2126.5,30.426672899999968
1617682920000,2127.2,2127.2,2128.3,2126.5,30.267540690000036
1617682980000,2127.2,2127.3,2128.36541653,2126.5,30.875606519999966
1617683040000,2127.2,2127.4,2128.40553015,2126.5,30.616972620000038
1617683100000,2127.4,2127.5,2128.40553015,2126.6,30.97092034999996
1617683160000,2127.6,2127.6,2128.6,2126.6,31.02561703000004
1617683220000,2127.6,2127.6,2128.6,2126.70725332,30.978676889999957
1617683280000,2127.6,2127.7,2128.6,2126.8,31.17647928000004
1617683340000,2127.6147962,2127.7,2128.6,2126.8,31.14867320999996
1617683400000,2127.7,2127.9,2128.6,2126.8,31.68906770000004
1617683460000,2127.8,2127.9,2128.6271688,2126.8,31.25176559999996
1617683520000,2127.8,2127.9,2128.7,2126.8,31.76365491000004
1617683580000,2127.9,2127.90842429,2128.7,2126.9,31.49305353999996
1617683640000,2127.9,2128.0,2128.7,2126.9,31.88645969000004
1617683700000,2127.9344256,2128.0,2128.9,2127.0,31.961047589999954
1617683760000,2128.0,2128.0,2128.9,2127.1,32.57326983000006
1617683820000,2128.1,2128.1,2129.0,2127.1,32.02145409999994
1617683880000,2128.1,2128.1,2129.0669281,2127.1,32.72926649000006
1617683940000,2128.1,2128.1,2129.08110371,2127.1070021,32.464258609999945
1617684000000,2128.1,2128.1,2129.1,2127.2,33.01118651000006
1617684060000,2128.1,2128.1,2129.1,2127.2,32.92929689999994
1617684120000,2128.1,2128.12929878,2129.2,2127.2,33.598487380000066
1617684240000,2128.1,2128.2,2129.2,2127.3,33.12459717999994
1617684360000,2128.2,2128.3,2129.2,2127.5,34.14946906000006
1617684420000,2128.2,2128.36541653,2129.2,2127.5,33.240653529999946
1617684480000,2128.2,2128.4,2129.2,2127.5,34.21379271000005
1617684540000,2128.3,2128.40553015,2129.2,2127.6,33.33646994999995
1617684600000,2128.3,2128.5,2129.2,2127.6,34.399089250000046
1617684660000,2128.3,2128.5,2129.4,2127.6147962,33.69067833999996
1617684720000,2128.4,2128.6,2129.4,2127.7,34.87394214000004
1617684840000,2128.4,2128.6,2129.5,2127.8,33.96494019999996
1617684900000,2128.40553015,2128.6,2129.5,2127.9,35.08455832000004
1617684960000,2128.6,2128.6,2129.5666944,2127.9,34.27900195999996
1617685020000,2128.6,2128.6271688,2129.6,2127.9344256,35.37089137000004
1617685080000,2128.6,2128.7,2129.7,2128.0,34.597386779999965
1617685140000,2128.6,2128.7,2129.7,2128.0,35.57828762000004
1617685200000,2128.6,2128.7,2129.70620713,2128.04680405,34.95891237999996
1617685260000,2128.6,2128.8,2129.7480576,2128.1,35.65756350000004
1617685320000,2128.6271688,2128.8,2129.83456658,2128.1,35.157194489999966
1617685380000,2128.7,2128.8,2129.9,2128.1,36.01607466000003
1617685440000,2128.8,2128.8,2129.9,2128.1,35.17970017999997
1617685500000,2128.8,2128.9,2129.9,2128.1,36.039812410000025
1617685560000,2128.8,2129.0,2129.9,2128.1,35.28401134999997
1617685620000,2128.9,2129.08110371,2129.9,2128.12929878,36.12149309000003
1617685680000,2129.0,2129.1,2129.92426634,2128.2,35.926502719999974
1617685740000,2129.0,2129.1,2130.0,2128.2,36.208761460000034
1617685800000,2129.0669281,2129.1,2130.0,2128.2,36.82646240999996
1617685860000,2129.1,2129.1,2130.1,2128.2,36.330762100000044
1617685920000,2129.1,2129.2,2130.1,2128.3,38.05150787999996
1617685980000,2129.2,2129.2,2130.1,2128.3,36.70285928000004
1617686040000,2129.2,2129.2,2130.2,2128.4,38.53553317999996
1617686100000,2129.2,2129.2,2130.3,2128.5,36.820198810000036
1617686160000,2129.2,2129.3,2130.3,2128.6,39.14103718999996
1617686220000,2129.2,2129.4,2130.3,2128.6,37.599942130000045
1617686280000,2129.2,2129.4,2130.3,2128.6,39.58603724999996
1617686340000,2129.4,2129.5,2130.4,2128.6,37.664430080000045
1617686400000,2129.5,2129.6,2130.4,2128.6,39.70109672999996
1617686460000,2129.5,2129.6,2130.4,2128.6271688,37.85201192000004
1617686520000,2129.5,2129.7480576,2130.5,2128.7,39.75070847999996
1617686580000,2129.5666944,2129.8,2130.6,2128.7,38.42911107000005
1617686640000,2129.6,2129.83456658,2130.6,2128.8,40.08390247999995
1617686700000,2129.7,2129.8890975,2130.6,2128.8,38.79979659000006
1617686760000,2129.70620713,2129.9,2130.60668068,2128.8,41.36300340999995
1617686820000,2129.9,2129.9,2130.7,2128.8,40.26289227000005
1617686880000,2129.9,2129.9,2130.7,2128.8,42.528802719999945
1617686940000,2129.9,2129.9,2130.7,2128.9,40.42368042000005
1617687000000,2130.0,2129.92426634,2130.7,2129.0,42.55552277999995
1617687060000,2130.0,2130.0,2130.9,2129.0,40.72782878000005
1617687120000,2130.0,2130.0,2130.9,2129.1,42.99680072999995
1617687180000,2130.1,2130.1,2130.9,2129.1,41.09387172000005
1617687240000,2130.1,2130.3,2131.0,2129.1,43.601594389999946
1617687300000,2130.1,2130.3,2131.01419811,2129.1,41.60267761000006
1617687360000,2130.2,2130.3,2131.0685888,2129.1,46.35997842999994
1617687420000,2130.2,2130.3,2131.1,2129.2,42.420572430000064
1617687480000,2130.2,2130.3,2131.2,2129.3,46.90135107999994
1617687540000,2130.2,2130.3,2131.2,2129.4,44.01580475000006
1617687600000,2130.2,2130.3,2131.2,2129.4,47.22261034999994
1617687660000,2130.3,2130.3217616,2131.3,2129.4,47.22310027000006
1617687720000,2130.3,2130.4,2131.4,2129.5,48.17239926999994
1617687780000,2130.3,2130.4,2131.4,2129.5,47.38701874000006
1617687840000,2130.4,2130.4,2131.4,2129.6778225,48.78030157999994
1617687900000,2130.4,2130.6,2131.4,2129.8,50.01234519000006
1617687960000,2130.4,2130.6,2131.4,2129.9,49.417781819999945
1617688020000,2130.48859573,2130.6,2131.4,2129.9,50.787842180000055
1617688080000,2130.6,2130.6,2131.4,2129.9,49.622583799999944
1617688140000,2130.6,2130.6,2131.5,2130.0,50.82111620000006
1617688200000,2130.6,2130.7,2131.6,2130.0,50.90605379999994
1617688260000,2130.60668068,2130.7,2131.6,2130.1,51.314035310000065
1617688320000,2130.7,2130.9,2131.6,2130.1,51.26919380999993
1617688380000,2130.7,2130.9,2131.7,2130.2,51.75002811000007
1617688440000,2130.9,2130.9,2131.78546367,2130.3,52.89336551999993
1617688500000,2130.9,2130.9,2131.8,2130.3,53.986907060000064
1617688560000,2130.9,2131.0,2131.8,2130.3,53.03526079999993
1617688620000,2131.0,2131.0,2131.8770484,2130.3,54.30321058000007
1617688680000,2131.0,2131.0,2131.9,2130.3,54.171815389999935
1617688740000,2131.01419811,2131.01419811,2131.9,2130.3,55.16305658000006
1617688800000,2131.1,2131.0685888,2131.9,2130.3,56.32047543999994
1617688860000,2131.1,2131.1,2131.9,2130.3217616,57.574686710000066
1617688920000,2131.1,2131.1,2131.9,2130.37051079,56.93155760999993
1617688980000,2131.2,2131.1,2131.9,2130.4,62.94173747000008
1617689040000,2131.2,2131.2,2131.9,2130.4,57.86731236999992
1617689100000,2131.2,2131.2,2131.9,2130.4,63.306442270000076
1617689160000,2131.2,2131.3,2131.9,2130.48859573,60.06716291999993
1617689220000,2131.3,2131.4,2131.9758898,2130.6,63.65148219000007
1617689280000,2131.3,2131.4,2132.0,2130.6,61.79904359999993
1617689340000,2131.4,2131.4,2132.0,2130.6,64.97259440000006
1617689400000,2131.4,2131.4,2132.0,2130.7,63.389705029999945
1617689460000,2131.4,2131.4,2132.0,2130.7,66.44282276000006
1617689520000,2131.4,2131.4,2132.1,2130.86204766,63.584320639999945
1617689580000,2131.4,2131.5,2132.1,2130.9,66.69300405000006
1617689640000,2131.4,2131.5,2132.1,2130.9,65.13218931999994
1617689700000,2131.5,2131.6,2132.14178498,2130.9,71.37795664000005
1617689760000,2131.5,2131.7,2132.2,2130.9,65.98431268999995
1617689820000,2131.6,2131.78546367,2132.2,2131.0,74.71854199000005
1617689880000,2131.6,2131.8,2132.3,2131.0,67.68686423999993
1617689940000,2131.7,2131.8,2132.4,2131.0,75.23736973000005
1617690000000,2131.72324103,2131.8,2132.5,2131.01419811,69.03426253999994
1617690060000,2131.8,2131.8,2132.5,2131.1,75.24585873000005
1617690120000,2131.8,2131.9,2132.556842,2131.1,70.06851000999994
1617690180000,2131.8,2131.9,2132.6,2131.1,75.31695113000005
1617690240000,2131.8,2131.9,2132.6,2131.1,70.38760627999996
1617690300000,2131.9,2131.9,2132.61998067,2131.1,78.05186394000005
1617690360000,2131.9,2131.9,2132.7,2131.1,72.84698024999996
1617690420000,2131.9,2132.0,2132.7,2131.2,84.37210002000005
1617690480000,2131.9,2132.0,2132.7,2131.2,72.98555554999994
1617690540000,2131.9,2132.1,2132.8,2131.3,84.55612657000005
1617690600000,2132.0,2132.1,2132.9,2131.4,77.96009891999996
1617690660000,2132.0,2132.1,2132.9,2131.4,85.35374992000003
1617690720000,2132.0,2132.1057792,2132.9,2131.4,78.75553564999997
1617690780000,2132.1,2132.2,2132.9,2131.4,89.82979000000002
1617690840000,2132.3,2132.3,2132.9,2131.5,81.41290808999999
1617690900000,2132.33339745,2132.33339745,2133.2,2131.6,93.29234618000002
1617690960000,2132.4,2132.4,2133.2,2131.6,81.99115024999996
1617691020000,2132.5,2132.5,2133.3,2131.8,93.48453486000004
1617691080000,2132.6,2132.6,2133.4,2131.8,91.05100290999995
1617691140000,2132.6,2132.6,2133.4,2131.8,96.87205386000004
1617691200000,2132.6,2132.6,2133.5,2131.8,93.75938300999998
1617691260000,2132.61998067,2132.61599335,2133.7,2131.9,98.32758633000002
1617691320000,2132.7,2132.7,2133.9,2131.9,103.05523805999998
1617691380000,2132.7,2132.8746087,2134.0,2131.9,100.08422269
1617691440000,2132.7,2132.9,2134.1,2132.0,103.32800323
1617691500000,2132.8,2132.9,2134.1,2132.0,100.82318956000002
1617691560000,2132.9,2133.1,2134.1,2132.1,104.21930134999998
1617691620000,2132.9,2133.2,2134.2,2132.2,101.64066771000002
1617691680000,2133.2,2133.4,2134.2,2132.20397726,110.50587408999998
1617691740000,2133.2,2133.4,2134.4,2132.3,103.26112842000002
1617691800000,2133.2,2133.4,2134.6,2132.33339745,112.21036747999999
1617691920000,2133.3,2133.5,2134.7,2132.4,103.69893283
1617691980000,2133.3,2133.6,2134.8,2132.5,114.71247548000001
1617692040000,2133.7,2133.7,2134.8,2132.58082767,103.82826913999999
1617692100000,2133.88478662,2133.9,2134.9,2132.6,122.75016702
1617692160000,2133.9,2134.0,2134.9,2132.9,107.48585625
1617692220000,2134.0,2134.1,2134.9,2132.9,128.98364935
1617692280000,2134.1,2134.1,2134.9,2133.0,110.36599393
1617692340000,2134.1,2134.1,2135.2,2133.1,132.37942696
1617692400000,2134.1,2134.1,2135.2,2133.1,121.92214504
1617692460000,2134.1,2134.2,2135.5,2133.2,133.56815495
1617692520000,2134.2,2134.2,2135.53914408,2133.2,134.82471242999998
1617692580000,2134.4,2134.23929179,2135.6,2133.3,135.00835907000004
1617692640000,2134.5,2134.5,2135.60947088,2133.4,134.85393686999998
1617692700000,2134.6,2134.8,2135.68506684,2133.6,146.30503237
1617692760000,2134.7,2134.8,2135.7,2133.7814817,134.95306538
1617692820000,2134.8,2134.8,2135.9,2133.88478662,147.07167118
1617692880000,2134.9,2134.9,2135.9,2133.9,136.27617069999997
1617692940000,2134.9,2134.9,2135.9,2133.9759901,153.88754785000003
1617693000000,2134.9,2134.9,2135.9,2134.1,139.10684742999996
1617693060000,2135.1,2134.9,2135.9,2134.1,154.56651152000006
1617693120000,2135.1,2135.0,2136.0,2134.1,163.3883420699999
1617693180000,2135.2,2135.2,2136.1,2134.1,178.73021109000007
1617693240000,2135.3,2135.33166802,2136.7,2134.23929179,168.18442106999993
1617693300000,2135.5,2135.5,2136.9,2134.5,184.0084937000001
1617693360000,2135.68506684,2135.6,2136.9,2134.5,176.30089458999993
1617693420000,2135.8,2135.68506684,2137.3,2134.5,187.15098697000008
1617693480000,2135.99528749,2135.9,2138.3,2134.6,178.91988013999992
1617693540000,2136.0,2136.1,2138.3,2134.8,201.04410674000007
1617693600000,2136.1,2136.2,2138.6,2134.9,215.70718419999992
1617693660000,2136.3,2136.3153528,2138.7,2135.1,201.7889063400001
1617693720000,2136.5,2136.9,2138.8,2135.1,240.46351944999992
1617693780000,2136.7,2136.9,2138.9,2135.2,214.94417970000006
1617693840000,2137.9,2137.04747901,2138.9,2135.2,250.66883517999992
1617693900000,2138.0,2137.07533315,2139.8,2135.3,273.8872942300001
1617693960000,2138.1,2138.1,2140.3,2135.5,294.29511883999993
1617694020000,2138.20589736,2138.20589736,2140.33275999,2136.1,298.57871616000006
1617694080000,2138.3,2138.4,2140.4,2136.3,309.20674938999997
1617694140000,2138.9,2138.9,2140.5,2136.5,349.00559850999997
1617694200000,2139.6,2139.08419578,2141.1,2136.66982991,330.33390712
1617694260000,2140.3,2140.2,2141.1,2136.7,355.37434326
1617694320000,2141.1,2141.0,2142.2,2138.1,338.54654224000006
1617694380000,2141.1,2141.2,2144.0,2139.9,366.32854968
1617694440000,2142.22330455,2142.2,2144.1,2141.1,343.67040053
1617694500000,2143.4,2142.8,2144.2,2141.2,376.41878851999996
1617694560000,2143.8,2143.4,2145.4,2142.1,412.88289233000006
1617694620000,2144.1,2144.0173256,2147.7,2142.22330455,406.54805288999995
1617694680000,2144.2,2144.8,2147.9,2142.6,817.88395864
1617694740000,2144.2,2145.0,2148.3,2143.8,413.92513833
1617694800000,2146.3,2145.8,2148.7,2144.2,819.9346721100001
1617694860000,2147.6978021,2146.1,2148.9,2144.2,597.86372689
1617694920000,2147.7,2147.7,2149.4,2144.8,826.2193971900001
1617694980000,2147.7,2147.7,2149.5,2145.1,615.5513612199998
1617695040000,2149.4,2148.3,2150.8,2146.2,852.9441200300002
1617695100000,2149.5,2149.47031748,2150.9,2147.7,684.3612952799997
1617695160000,2150.1,2149.5,2151.3,2149.3,912.3588953600004
1617695220000,2151.3,2151.3,2151.3,2149.5,1101.2357825499996
