# mean, standard deviation
2.022590622440000061e+03,4.733892192609216565e+00
2.022921409162999680e+03,4.416074391876194660e+00
2.023174366118499847e+03,4.089651195592082011e+00
2.023385838752499694e+03,3.877344938831800647e+00
2.023499085380499992e+03,3.827305085756837588e+00
2.023658895027499966e+03,3.715165816950193545e+00
2.023862385938499983e+03,3.526564496714595709e+00
2.023993416664500273e+03,3.440918274010755784e+00
2.024207644889000221e+03,3.219246924080421124e+00
2.024375793664000184e+03,3.123942271326352493e+00
2.024528098576499815e+03,3.024717592573764602e+00
2.024701097575499716e+03,2.915784179800764875e+00
2.024912424752000561e+03,2.710810941108854788e+00
2.025010819972500030e+03,2.612310936310536125e+00
2.025129280403499706e+03,2.559435153488607728e+00
2.025258500839999670e+03,2.521582467763424429e+00
2.025373260122999909e+03,2.549999519023009587e+00
2.025464999999999691e+03,2.547798068921485637e+00
2.025597501806000309e+03,2.491711347907726193e+00
2.025678448365000349e+03,2.498872234655610924e+00
2.025782881284999803e+03,2.490285100950018649e+00
2.025898700480000116e+03,2.515916136577757811e+00
2.026064936264499920e+03,2.404216685034243017e+00
2.026167868163999856e+03,2.382867692426483774e+00
2.026285614207000208e+03,2.386064165267901327e+00
2.026364720977999923e+03,2.421296222310306501e+00
2.026477195284999880e+03,2.438264201736002335e+00
2.026585000000000264e+03,2.435831480213661138e+00
2.026712501806000319e+03,2.410077055596354434e+00
2.026838487284999701e+03,2.449219308291788355e+00
2.027020018800999878e+03,2.528987693687559712e+00
2.027178612608000094e+03,2.501210074829988361e+00
2.027356246574999659e+03,2.622300792402416203e+00
2.027503740384499906e+03,2.590266528761197229e+00
2.027624584390499876e+03,2.647096931668810438e+00
2.027857575757000404e+03,2.788910684204831014e+00
2.028204360870500068e+03,3.125310782572729540e+00
2.028584950250000020e+03,3.426932979313596750e+00
2.028720563588999994e+03,3.412840126103853233e+00
2.028890339281999786e+03,3.442406180895662970e+00
2.029074365381499547e+03,3.497644515943651555e+00
2.029388647118999870e+03,3.701423523338632116e+00
2.029756786115000068e+03,3.823562106996398757e+00
2.029860205619500221e+03,3.839176074849854015e+00
2.030000000000000000e+03,3.843826218756520863e+00
2.030179335804499715e+03,3.823782782764464816e+00
2.030280017067999552e+03,3.794171481661675394e+00
2.030475719089999984e+03,3.788591108554002496e+00
2.030562901632000376e+03,3.774586298930451722e+00
2.030690274924999812e+03,3.784372778227757639e+00
2.030845110160500099e+03,3.790665236447772646e+00
2.031164360870499877e+03,3.868740251594210644e+00
2.031457060884499469e+03,3.913239665814898682e+00
2.031570017067999970e+03,3.934360582968317033e+00
2.031736304315500092e+03,3.933461733054828269e+00
2.031819365381500120e+03,3.911997726926206731e+00
2.031931889153000157e+03,3.858177399393648788e+00
2.032042478096499963e+03,3.865462713380279691e+00
2.032192593470000020e+03,3.931324042996950929e+00
2.032318999714500478e+03,3.944443242048895737e+00
2.032484245031999990e+03,3.905571140234245675e+00
2.032573260122999955e+03,3.883626111743709863e+00
2.032731541416499795e+03,3.880107354815406584e+00
2.032883921927500069e+03,3.888144966556582816e+00
2.033058426825500192e+03,3.909931903092707106e+00
2.033243098576499960e+03,3.854015221354208709e+00
2.033552210814500086e+03,3.817952002600123240e+00
2.033882593469999847e+03,3.717693209834036061e+00
2.033986312057499617e+03,3.738889935891541505e+00
2.034100180744499767e+03,3.737158180758992643e+00
2.034167254395499640e+03,3.743097939899404203e+00
2.034246567491999940e+03,3.733948965815147236e+00
2.034362478096499672e+03,3.763017887384163540e+00
2.034490095275999920e+03,3.771927233873987984e+00
2.034578426825499719e+03,3.772737724425346162e+00
2.034682314160999567e+03,3.753256618046668880e+00
2.034805000000000291e+03,3.718800209745078522e+00
2.034910806554999681e+03,3.703354247358164208e+00
2.035008426825500010e+03,3.707991756648365111e+00
2.035095274924999785e+03,3.706430929525235118e+00
2.035154425146999984e+03,3.713209901092220377e+00
2.035251339368999879e+03,3.705007740552427542e+00
2.035331088464999539e+03,3.706020506212160726e+00
2.035430263319999995e+03,3.677060071063721569e+00
2.035516304315500065e+03,3.632115166156868913e+00
2.035599436552000043e+03,3.595344192046396437e+00
2.035677960550000080e+03,3.591369928148550272e+00
2.035790353476499831e+03,3.542998553231037739e+00
2.035933023070499530e+03,3.506671588064342870e+00
2.036083690145499986e+03,3.488163820415359329e+00
2.036249395569999933e+03,3.366339387067961209e+00
2.036400000000000091e+03,3.373870181260695933e+00
2.036589935694999895e+03,3.282699125645780480e+00
2.036716494737999938e+03,3.280442588844071139e+00
2.036875263319999704e+03,3.268146993544044587e+00
2.037043551579999985e+03,3.116607832610523321e+00
2.037383299279500079e+03,2.762778154008212361e+00
2.037754783910000015e+03,2.350120736707537183e+00
2.037856434918000332e+03,2.337395481598168789e+00
2.037992635224999958e+03,2.312233345340648949e+00
2.038081992780499831e+03,2.322294436214930702e+00
2.038175017067999988e+03,2.340671426863465854e+00
2.038292124620000322e+03,2.324468954103865226e+00
2.038377475340500268e+03,2.307429285598373347e+00
2.038477898545000016e+03,2.348384047521080209e+00
2.038574838182999883e+03,2.338711875331615619e+00
2.038722635224999976e+03,2.377241177248355708e+00
2.038818138952000027e+03,2.365594860257746568e+00
2.038908789754999816e+03,2.377481011746174655e+00
2.039040209383999809e+03,2.355528551274977733e+00
2.039108551579999812e+03,2.382992101726189027e+00
2.039193723690000070e+03,2.383731908011032630e+00
2.039275141956999960e+03,2.397818901196243857e+00
2.039374053074999438e+03,2.379098631380821338e+00
2.039444504417999951e+03,2.370078511730282500e+00
2.039536186804999943e+03,2.385507356050248884e+00
2.039635000000000218e+03,2.392754688638185190e+00
2.039730353476500113e+03,2.415626906907835547e+00
2.039903914280499976e+03,2.388151961700363923e+00
2.040054777065499820e+03,2.352567802105941741e+00
2.040190000000000055e+03,2.364719856558082256e+00
2.040362635225000076e+03,2.382106646816075646e+00
2.040512451077000151e+03,2.368932049666387929e+00
2.040686062050499913e+03,2.400991643017510224e+00
2.040815209383999900e+03,2.375004514242344378e+00
2.040968635949999680e+03,2.427917809388035142e+00
2.041131550423999897e+03,2.511901413420226881e+00
2.041254931739999620e+03,2.488607763615874102e+00
2.041347773192499972e+03,2.517473116983508952e+00
2.041407437479999771e+03,2.520975873603751527e+00
2.041559972473000016e+03,2.590401928374885809e+00
2.041710308644999941e+03,2.613043134560353309e+00
2.041814999999999827e+03,2.607158414826385773e+00
2.041932773192500008e+03,2.592499037513719795e+00
2.042018715335000252e+03,2.601104679269778064e+00
2.042173689893000073e+03,2.654779943152286936e+00
2.042337943869999890e+03,2.646243550427696434e+00
2.042401162161999991e+03,2.654189165173605591e+00
2.042487635224999849e+03,2.649359803906415678e+00
2.042547392501499871e+03,2.663551884758479815e+00
2.042680084370000259e+03,2.702564822543125800e+00
2.042826088465000112e+03,2.743546409688577103e+00
2.042894999999999754e+03,2.744717653967330140e+00
2.042966881982500126e+03,2.738123351682861362e+00
2.043028574108999919e+03,2.725808705452168468e+00
2.043165038514999878e+03,2.742339162327417146e+00
2.043251926945499918e+03,2.746793423766187736e+00
2.043334999999999809e+03,2.740488095212221697e+00
2.043450166280500071e+03,2.720336387662812161e+00
2.043541852056499920e+03,2.657456431211708381e+00
2.043679587649999576e+03,2.664383106202593776e+00
2.043836618300499595e+03,2.566439733122145572e+00
2.043939715649999926e+03,2.473807922663255887e+00
2.044070000000000164e+03,2.438872690404280341e+00
2.044157183117499926e+03,2.364282754798742836e+00
2.044348223599999528e+03,2.410662694743813006e+00
2.044474999999999682e+03,2.415341590748628420e+00
2.044581400848499925e+03,2.375983314986425121e+00
2.044675266167499558e+03,2.386331597803017068e+00
2.044771088196499932e+03,2.424594996141633985e+00
2.044931225319999839e+03,2.426247669073559265e+00
2.045071926945499627e+03,2.426820972223790118e+00
2.045176400848499952e+03,2.475864435581803580e+00
2.045258647504999772e+03,2.497974089824514188e+00
2.045448148899999524e+03,2.592334259861707846e+00
2.045769587650000176e+03,2.884295574246499516e+00
2.046127635224999494e+03,3.170255972718131865e+00
2.046215141956999560e+03,3.208576805964574952e+00
2.046337635224999758e+03,3.266315376392028291e+00
2.046472392501499826e+03,3.301871061387032125e+00
2.046815000000000055e+03,3.475093523921314986e+00
2.047177592282499972e+03,3.654994020756745510e+00
2.047271400848500434e+03,3.662002204827859764e+00
2.047407492975000423e+03,3.691825643744917951e+00
2.047535824556500302e+03,3.749360514027788138e+00
2.047655000000000655e+03,3.780538982737799536e+00
2.047774210583000240e+03,3.796803255927472254e+00
2.047939999999999827e+03,3.821570357850311517e+00
2.048125000000000000e+03,3.816002489517018592e+00
2.048335000000000036e+03,3.857884783142186969e+00
2.048749587649999739e+03,3.934084209268762677e+00
2.049134999999999764e+03,3.943383699312016599e+00
2.049249931740000193e+03,3.961601327560472452e+00
2.049434774516999823e+03,3.972821100857535370e+00
2.049554999999999836e+03,4.044684783762531488e+00
2.049765084370000295e+03,4.028813236816474408e+00
2.049980941063500268e+03,4.014511950485935898e+00
2.050066400848500052e+03,3.998950412926992382e+00
2.050208886154500306e+03,4.054367278054930246e+00
2.050401864235000176e+03,4.094899381466594157e+00
2.050570038514999851e+03,4.038524318867593443e+00
2.050743657426000027e+03,4.062838126860783383e+00
2.050943743160000395e+03,4.118165872435093355e+00
2.051174999999999727e+03,4.236021128370354383e+00
2.051409468220000235e+03,4.282555211624226033e+00
2.051811877136499788e+03,4.267917740015405137e+00
2.052269999999999982e+03,4.202511154060167620e+00
2.052418360589999793e+03,4.272542604687116885e+00
2.052637254057000064e+03,4.365515715428274213e+00
2.052846651337499679e+03,4.469988594345053912e+00
2.053036877136500152e+03,4.489197907323028147e+00
2.053260941063500013e+03,4.546309802909874520e+00
2.053369617429999835e+03,4.574420763619841068e+00
2.053592479540000113e+03,4.655656756188534473e+00
2.053761588736500016e+03,4.723685217138204884e+00
2.053904999999999745e+03,4.783040351073819529e+00
2.054006618300500122e+03,4.794048046440306798e+00
2.054213743160000377e+03,4.863055612111498505e+00
2.054472808765000082e+03,4.930214198790547009e+00
2.054674468220000108e+03,5.019235665318963591e+00
2.054936464786499982e+03,5.001638293160136861e+00
2.055110198740000214e+03,5.050659601641568131e+00
2.055219617429999744e+03,5.085001556699487502e+00
2.055410662892499658e+03,5.108311112358607353e+00
2.055559999999999945e+03,5.141439487147579257e+00
2.055765000000000327e+03,5.160840532316415263e+00
2.055943547520999800e+03,5.154341788012339443e+00
2.056031400848499743e+03,5.135534761097793499e+00
2.056202628004500184e+03,5.129842621225184196e+00
2.056333347640000284e+03,5.061624896837243703e+00
2.056513149122500636e+03,5.069739343992762493e+00
2.056639992665000136e+03,5.012587696436566098e+00
2.056833743160000267e+03,4.939321383357154538e+00
2.057022263991999807e+03,4.915328132280453843e+00
2.057244587227999546e+03,4.770930686815190391e+00
2.057585026258999733e+03,4.427388141053424597e+00
2.057999692880000111e+03,3.941254078449379250e+00
2.058082766552500289e+03,3.933942083068078688e+00
2.058243033362499773e+03,3.868019173030792235e+00
2.058320119007999892e+03,3.855134707297917185e+00
2.058470000000000255e+03,3.834331754034855599e+00
2.058595242880000114e+03,3.817639750274256283e+00
2.058663149122499817e+03,3.775078249424444365e+00
2.058774568442999680e+03,3.733046141999686984e+00
2.058889328857499549e+03,3.657589420538795544e+00
2.059008069390499713e+03,3.617278632982376507e+00
2.059076874768999460e+03,3.611559357047848362e+00
2.059199999999999363e+03,3.540903839417239851e+00
2.059352729033000287e+03,3.455957215336899591e+00
2.059452000767999834e+03,3.410094000542780890e+00
2.059619920268000442e+03,3.310480989534089424e+00
2.059743433196500064e+03,3.245404670107355560e+00
2.059807055371999922e+03,3.243673897712189280e+00
2.059895408071499787e+03,3.233211771792894762e+00
2.059975431589999971e+03,3.147740894203004292e+00
2.060120000000000346e+03,3.160316439852169257e+00
2.060260086225499890e+03,3.093765540055476659e+00
2.060307712728500064e+03,3.109660327108001443e+00
2.060418611014500129e+03,3.018007654923208882e+00
2.060473240373500630e+03,3.000848822569828211e+00
2.060588018453499899e+03,2.985834685788267162e+00
2.060688330275499993e+03,2.950960621418455165e+00
2.060844859883000026e+03,2.841413853599532580e+00
2.060973996323499705e+03,2.695629635321086237e+00
2.061107966347999991e+03,2.594392984021029136e+00
2.061241826199499883e+03,2.497736772232785896e+00
2.061385517781999624e+03,2.361665623983157936e+00
2.061479235654499462e+03,2.344718506067083208e+00
2.061592513024000255e+03,2.245532039846235950e+00
2.061690684676500496e+03,2.190832475292202375e+00
2.061796487147000335e+03,2.153644132763760766e+00
2.061896737444500559e+03,2.115109907328109440e+00
2.061977777107000293e+03,2.082488636313626351e+00
2.062088160425500064e+03,2.016238950424858345e+00
2.062203335701499782e+03,1.990240169350379063e+00
2.062301356477999889e+03,1.952663794833546129e+00
2.062349749288499879e+03,1.960750860591353284e+00
2.062456028263500230e+03,1.919593102461024881e+00
2.062556893134999882e+03,1.838598100176396022e+00
2.062703929127000265e+03,1.878299492208173049e+00
2.062813426789999994e+03,1.838211170432899610e+00
2.062906685887000094e+03,1.811641534131614106e+00
2.062974158857999555e+03,1.808896740868372266e+00
2.063090600070499931e+03,1.795950565610731520e+00
2.063182681727500039e+03,1.857335641563869766e+00
2.063324913937000019e+03,1.765329159466096254e+00
2.063430075469000258e+03,1.731487277569190297e+00
2.063507524498500061e+03,1.759024358060448767e+00
2.063605240267499994e+03,1.795021810437279930e+00
2.063700201063999884e+03,1.828701437930454921e+00
2.063788098185500530e+03,1.828261913616450185e+00
2.063848873198500314e+03,1.819308723780271642e+00
2.063947310243999709e+03,1.809605508103765414e+00
2.064021375857999828e+03,1.811500345610962404e+00
2.064157156236500214e+03,1.862909993290158717e+00
2.064218426790000194e+03,1.874770926594644171e+00
2.064323128758500388e+03,1.898447112157608752e+00
2.064393401730999813e+03,1.929993184837087705e+00
2.064508944190999955e+03,1.971487603773912411e+00
2.064590985314500358e+03,1.984408637677478771e+00
2.064687996558500345e+03,2.025362685934942508e+00
2.064832425032499941e+03,2.099102415639703345e+00
2.064938718019499902e+03,2.172796947863752326e+00
2.065066629252999974e+03,2.233500237823569989e+00
2.065222663988000022e+03,2.294042494172008340e+00
2.065376429679500234e+03,2.384345928823477401e+00
2.065538619950500561e+03,2.460410870001347838e+00
2.065714999999999691e+03,2.593313517490731801e+00
2.066283910707000359e+03,3.400478454425803321e+00
2.066737679672000013e+03,3.761125938935387047e+00
2.067124123580000287e+03,4.225967126115432571e+00
2.067442785799500598e+03,4.536412486928013799e+00
2.067678906249499960e+03,4.695653387720662764e+00
2.068425000000000182e+03,5.171157994105407774e+00
2.068869972249500279e+03,5.467645745612346175e+00
2.069349595894000686e+03,5.799401662795794721e+00
2.069788588322000123e+03,6.089906030301393436e+00
2.070243806478999886e+03,6.557502677684937886e+00
2.070766620938500637e+03,7.086196537428915754e+00
2.071299875551500008e+03,7.564113064911291318e+00
2.071746220760999677e+03,7.938132943876375691e+00
2.072075903276000190e+03,8.161553620130797881e+00
2.072641532527500203e+03,8.544801568086054289e+00
2.073558910706999995e+03,8.784886335756688425e+00
2.074258445639499769e+03,9.030799934186170219e+00
2.074887781227500000e+03,9.323309380159578552e+00
2.075271612540500428e+03,9.395806173911392278e+00
2.075609474891999980e+03,9.601838794002031108e+00
2.075961237799999708e+03,9.684027832815225167e+00
2.076204496507000385e+03,9.749273872949617115e+00
2.076485206022999591e+03,9.819507131214379569e+00
2.076770858321499873e+03,9.848089795359603826e+00
2.077268718019499829e+03,1.002284192311621780e+01
2.077708175894999840e+03,1.014099829159452604e+01
2.078139987901499808e+03,1.017780764354137091e+01
2.078480499345499993e+03,1.023844291221471892e+01
2.078730544433500199e+03,1.027949381175823262e+01
2.079109222283500458e+03,1.039774840743160134e+01
2.079786375415999828e+03,1.006030839077949146e+01
2.080235706523500085e+03,9.832672196613605919e+00
2.080696113261999471e+03,9.755519725142940857e+00
2.080995839226000498e+03,9.653565494908043831e+00
2.081249999999999545e+03,9.674683457354086968e+00
2.081571860950999962e+03,9.652552410883004086e+00
2.081837943875500059e+03,9.637391759502097699e+00
2.082105117141999926e+03,9.634878471353962581e+00
2.082383737724999719e+03,9.647203574092475975e+00
2.082859999999999673e+03,9.664750384774555059e+00
2.083359862362000058e+03,9.639751049453092691e+00
2.083807610106000084e+03,9.680983741963100186e+00
2.084183527724499982e+03,9.722141089426813210e+00
2.084501064811999640e+03,9.828498003966691599e+00
2.084859222283500458e+03,9.911085494737527313e+00
2.085104794691999814e+03,9.983882893839478356e+00
2.085368843492999986e+03,1.002167460274792354e+01
2.085639312541500203e+03,1.010265565896273721e+01
2.085908627989000252e+03,1.017055626621903563e+01
2.086172536479999962e+03,1.027458108526501945e+01
2.086418339259999811e+03,1.028082627404595151e+01
2.086586354815000050e+03,1.034427330533175748e+01
2.086775449611000113e+03,1.034853503757702597e+01
2.086976059733499824e+03,1.026321454167363534e+01
2.087322536480000508e+03,1.029673164522049866e+01
2.087495216018999599e+03,1.030199350420642013e+01
2.087667684144500072e+03,1.016958753298602680e+01
2.087852322859499509e+03,1.010110271046674768e+01
2.088136360199499904e+03,1.010824532986810809e+01
2.088404999999999745e+03,1.001246597996716581e+01
2.089013521690999823e+03,9.126032757251161698e+00
2.089431993693000095e+03,8.618313960919900651e+00
2.089845989839999675e+03,8.164414318790187863e+00
2.090193195741499949e+03,7.861641331614576345e+00
2.090433813732500312e+03,7.751643673059953166e+00
2.090705928352000228e+03,7.521906020482652444e+00
2.090953488692000064e+03,7.282072333512171092e+00
2.091191218352000305e+03,7.086496210738312485e+00
2.091408718335499543e+03,6.873968789141282620e+00
2.091816935593999915e+03,6.412458525191821579e+00
2.092227291156000319e+03,5.844818242671696140e+00
2.092596148262499810e+03,5.384188527710023209e+00
2.092926204864999818e+03,4.973369995808397448e+00
2.093275000000000546e+03,4.780991006057220716e+00
2.093534605280000051e+03,4.522740016894940318e+00
2.093733940050000456e+03,4.342230717007729446e+00
2.093929795864500193e+03,4.199752171205759055e+00
2.094134708231999866e+03,4.049917293812080210e+00
2.094238516923500356e+03,4.030469359215778091e+00
2.094433538387499993e+03,3.930408771420094816e+00
2.094572902771999907e+03,3.886703832186498619e+00
2.094623021227499521e+03,3.878065259641659601e+00
2.094713123139999880e+03,3.879781438643548963e+00
2.094824364948000039e+03,3.814223486084207249e+00
2.094985324586500155e+03,3.658066924863742742e+00
2.095081695845000468e+03,3.618929794571250191e+00
2.095126794181500372e+03,3.594061713145904946e+00
2.095211505799999941e+03,3.591465356263251696e+00
2.095331505799999832e+03,3.590468216436323523e+00
2.095446133499999632e+03,3.531639176365962474e+00
2.095542917795499307e+03,3.504504594581526522e+00
2.095619058698999652e+03,3.462560486522894720e+00
2.095736649149999266e+03,3.371869734119723461e+00
2.095828195741499712e+03,3.311399012539186781e+00
2.095884222908000538e+03,3.284911944239385040e+00
2.095999746226500520e+03,3.196830449506285365e+00
2.096110912663000363e+03,3.073552453147446073e+00
2.096215184759500062e+03,2.996279890350832087e+00
2.096310502540499783e+03,2.953571728846033473e+00
2.096437770486499176e+03,2.842719034077426432e+00
2.096529244444000142e+03,2.754378582112530172e+00
2.096614110037000046e+03,2.675096027236896212e+00
2.096722322859500309e+03,2.595605601756345138e+00
2.096900796155000535e+03,2.365315828889045680e+00
2.097022710099500273e+03,2.273451113488515141e+00
2.097133361802000763e+03,2.190035503341746459e+00
2.097230445940499976e+03,2.069365931528889480e+00
2.097334069295000063e+03,2.014055092301244354e+00
2.097411450437500207e+03,1.994370651422344709e+00
2.097538606231500125e+03,1.858117716660671492e+00
2.097603665817499405e+03,1.831097647898902725e+00
2.097636005749000105e+03,1.833083938113883926e+00
2.097720487492500069e+03,1.786433950943694837e+00
2.097803089849500338e+03,1.772792102700437633e+00
2.097913094971500868e+03,1.687859747969710611e+00
2.097960030669999924e+03,1.676664253824422302e+00
2.097993689893500232e+03,1.666706407970114823e+00
2.098056268497500241e+03,1.645421050037749744e+00
2.098145809450000343e+03,1.564101850416667050e+00
2.098200417885999741e+03,1.551555368101618759e+00
2.098261734182000509e+03,1.547125360078411616e+00
2.098310674488000132e+03,1.504010972787525935e+00
2.098374240912500227e+03,1.501548549707733216e+00
2.098448440180499801e+03,1.494609224213579779e+00
2.098484500741499687e+03,1.480832108941396719e+00
2.098533826891999979e+03,1.485685107223315038e+00
2.098587749724000332e+03,1.482352898214894132e+00
2.098659934315000100e+03,1.484945337701894186e+00
2.098728031515000112e+03,1.463596491219219864e+00
2.098785018009500163e+03,1.457925980581365133e+00
2.098823392490000515e+03,1.454719917070647961e+00
2.098861677293500179e+03,1.457302088507440363e+00
2.098914999999999964e+03,1.448197155086274224e+00
2.098953044809999938e+03,1.407322669825472383e+00
2.099011080754999966e+03,1.403791644906842828e+00
2.099070182177500101e+03,1.358845407011777695e+00
2.099123094998999932e+03,1.370475492419926278e+00
2.099196379012500074e+03,1.360606576990804450e+00
2.099260170737000408e+03,1.342294040797966881e+00
2.099310664333500426e+03,1.356039253410370904e+00
2.099353135733000272e+03,1.359398937214069569e+00
2.099395256238999991e+03,1.377084657444372029e+00
2.099456212597499871e+03,1.368196021559473952e+00
2.099513159215500309e+03,1.329235033376218178e+00
2.099574609940999835e+03,1.310431023164413844e+00
2.099621448093000254e+03,1.287190946595259788e+00
2.099652413010499913e+03,1.297037461070534414e+00
2.099713438300000234e+03,1.291605508749057662e+00
2.099746507205999933e+03,1.289583514955449761e+00
2.099785892963499919e+03,1.298895423660715309e+00
2.099837496154500059e+03,1.295473505415775994e+00
2.099888264932000311e+03,1.314914830261534551e+00
2.099960021917499944e+03,1.318757545352011951e+00
2.100003720299499946e+03,1.301339178289376619e+00
2.100037170446500113e+03,1.283759505045859672e+00
2.100089457452999795e+03,1.292924710742131333e+00
2.100122453934999612e+03,1.272998085914758937e+00
2.100173438299999361e+03,1.262648626590475942e+00
2.100203729270999702e+03,1.242923949623924829e+00
2.100238867354499689e+03,1.210341930540397515e+00
2.100268040030000066e+03,1.222426805156727969e+00
2.100314866945499944e+03,1.236325519538122863e+00
2.100375000000000455e+03,1.220194656601935712e+00
2.100405000000000200e+03,1.222896152582020779e+00
2.100443848033500217e+03,1.209677051224141930e+00
2.100492344097500336e+03,1.219907909184528183e+00
2.100529250490000322e+03,1.232601130187533922e+00
2.100577713195000342e+03,1.220847370831065426e+00
2.100613958827500483e+03,1.192814508874079138e+00
2.100643544976000157e+03,1.178062847788499123e+00
2.100675155208999968e+03,1.182019218022250628e+00
2.100708303955499559e+03,1.190794817053841825e+00
2.100747971867499473e+03,1.174122867048698726e+00
2.100805377156500072e+03,1.135049947367804180e+00
2.100838497495499723e+03,1.119258023269422475e+00
2.100892194126000049e+03,1.120280218893533464e+00
2.100939690025500113e+03,1.129596979313578942e+00
2.100988265070000580e+03,1.137758141724356964e+00
2.101021929825000370e+03,1.152184119421614250e+00
2.101038757933000397e+03,1.151610519746886441e+00
2.101092245880000064e+03,1.144455500734949949e+00
2.101113757383499888e+03,1.138026760060802944e+00
2.101173665817500023e+03,1.122428019603478155e+00
2.101228956495499915e+03,1.104043698985393895e+00
2.101250797637500000e+03,1.099677718844982444e+00
2.101284654231499644e+03,1.077798462573391181e+00
2.101321964969999499e+03,1.073083154380364945e+00
2.101345719004999864e+03,1.063588684672564399e+00
2.101383066009999311e+03,1.070500834624718678e+00
2.101398553799499496e+03,1.067974183780542763e+00
2.101436444722499346e+03,1.077078137529590141e+00
2.101465852036500110e+03,1.082590817368405789e+00
2.101515768492000007e+03,1.082638368413893826e+00
2.101545229065000058e+03,1.071086511956323539e+00
2.101577821304999816e+03,1.036019784794826704e+00
2.101603000059000806e+03,1.041857613209107303e+00
2.101640383273500447e+03,1.028933569160256134e+00
2.101658314557000722e+03,1.013722691471441895e+00
2.101702447730000131e+03,1.023697514836449329e+00
2.101734143025000321e+03,1.005914075339864766e+00
2.101771463879000294e+03,1.000654824267986021e+00
2.101800004603500383e+03,1.001882596966318983e+00
2.101825969608999912e+03,9.932923701729701182e-01
2.101881589065999833e+03,9.705370007621131334e-01
2.101912663325499580e+03,9.728254837301112401e-01
2.101959430881499884e+03,9.744250359926939220e-01
2.102006472105999819e+03,9.774608563398153871e-01
2.102060126860999844e+03,9.504051760508157587e-01
2.102090229065000131e+03,9.562435020666215646e-01
2.102135797794499922e+03,9.572226675782274929e-01
2.102172688604000541e+03,9.523209523848495950e-01
2.102192850024000109e+03,9.647193037956555139e-01
2.102225000000000364e+03,9.601432184836008465e-01
2.102263901130999784e+03,9.655649885226952334e-01
2.102295000000000073e+03,9.795279475339543351e-01
2.102322168597999735e+03,9.681307944327567361e-01
2.102351706907499647e+03,9.715920018257750979e-01
2.102374266239000008e+03,9.849521491932261563e-01
2.102413961790999565e+03,9.938392405229693471e-01
2.102436485015999551e+03,9.966219568001234430e-01
2.102462226775999625e+03,9.847360561138226442e-01
2.102502375399999892e+03,9.970992367753768182e-01
2.102537392205999822e+03,9.897226502005109783e-01
2.102555435379999835e+03,9.955100410136948907e-01
2.102587821305000489e+03,9.975158938013751753e-01
2.102620617162000599e+03,9.965387804002825423e-01
2.102644092640500276e+03,9.914576417634720640e-01
2.102668131319000167e+03,1.009820841341680486e+00
2.102711580092500299e+03,9.997433821370206308e-01
2.102740000000000236e+03,9.966945369570706648e-01
2.102777962561499862e+03,1.012359640436358177e+00
2.102827060230999905e+03,9.944493267498468736e-01
2.102855555015999926e+03,1.015335195041380034e+00
2.102909286140999939e+03,1.003399504188625890e+00
2.102941828515500220e+03,1.002871692291299688e+00
2.102989903051499823e+03,9.946563167575357411e-01
2.103032474680000632e+03,9.940964701524384051e-01
2.103070588120500361e+03,9.933320485316222692e-01
2.103105017972000041e+03,9.912510606471613972e-01
2.103146880378000333e+03,9.886972986361832749e-01
2.103169872335500258e+03,9.970841281369540177e-01
2.103201904029500383e+03,1.003360468781761217e+00
2.103233684502500182e+03,1.018961808701512428e+00
2.103281649488999847e+03,1.006772345193831075e+00
2.103300090677999833e+03,1.010895384413009079e+00
2.103342296948999319e+03,1.026256176145092125e+00
2.103374624160999701e+03,1.029869828089222006e+00
2.103418422239999927e+03,1.045059384430647498e+00
2.103460000000000036e+03,1.059905656178963707e+00
2.103490184531000068e+03,1.069703892037711768e+00
2.103529469269999936e+03,1.085320345442119638e+00
2.103576098619000277e+03,1.096808050973777870e+00
2.103607478705500398e+03,1.111604725879125510e+00
2.103644788907000475e+03,1.124619898308527821e+00
2.103692379112500475e+03,1.136398444481066639e+00
2.103734047815000849e+03,1.140569652114074684e+00
2.103772552439000265e+03,1.155054599089377465e+00
2.103820874282499972e+03,1.178034213243396744e+00
2.103852448836500116e+03,1.164933053986152878e+00
2.103884750578500189e+03,1.170201171579322130e+00
2.103939928705999591e+03,1.174681764978051213e+00
2.103986342755500118e+03,1.152924772530897979e+00
2.104030512555500081e+03,1.186809721893994363e+00
2.104094054005500311e+03,1.197025012946218547e+00
2.104141669547000220e+03,1.169376927467665528e+00
2.104175417151499460e+03,1.173774989715996808e+00
2.104235439134000444e+03,1.165655683122461150e+00
2.104286558794000030e+03,1.184801431863703680e+00
2.104319353526999748e+03,1.201312190040255690e+00
2.104374841256500076e+03,1.199970741642135685e+00
2.104398406597000303e+03,1.201500343619861688e+00
2.104428808313500213e+03,1.205281659624424684e+00
2.104507422571499319e+03,1.204457426422542055e+00
2.104533049770000616e+03,1.204836385686211653e+00
2.104574279047499658e+03,1.212826390009345223e+00
2.104605947753499549e+03,1.207362574441603442e+00
2.104647407654500057e+03,1.210242065290620284e+00
2.104709129664500324e+03,1.230259835198970642e+00
2.104766833835500620e+03,1.247403139641209302e+00
2.104805681984500552e+03,1.248814176063580472e+00
2.104830097263999960e+03,1.244862842222764332e+00
2.104881117624500803e+03,1.237851964287619122e+00
2.104935947358500016e+03,1.257455551755121359e+00
2.104958547972500128e+03,1.273235422152052321e+00
2.105022098504500264e+03,1.272835533012853793e+00
2.105056205208499705e+03,1.268107328977713832e+00
2.105082390075499461e+03,1.266412629221348896e+00
2.105160857028999999e+03,1.283827066144904938e+00
2.105203795540499868e+03,1.286837833842814582e+00
2.105236524971500330e+03,1.298665631412494470e+00
2.105278629525500037e+03,1.283814719448900243e+00
2.105331214617000114e+03,1.263154767611461393e+00
2.105381423971999538e+03,1.300603393009894804e+00
2.105421799861999716e+03,1.300657440251350661e+00
2.105467703909999727e+03,1.296386998675880697e+00
2.105498554842500198e+03,1.304254445310507826e+00
2.105539509672500117e+03,1.306917054445337456e+00
2.105591956208999818e+03,1.317074343674330850e+00
2.105628341340500810e+03,1.302346548800987769e+00
2.105680910515499818e+03,1.310335969379103682e+00
2.105716533562999757e+03,1.303057807007812263e+00
2.105756402252999578e+03,1.308083778772514583e+00
2.105828673997500118e+03,1.281970503831271202e+00
2.105852709056500316e+03,1.290676878437838626e+00
2.105883665169000324e+03,1.284440137054981834e+00
2.105917380598500131e+03,1.274403677136694002e+00
2.105962766803500017e+03,1.272939122065969819e+00
2.106010000000000218e+03,1.287982919141431593e+00
2.106043112592499710e+03,1.271151606638480480e+00
2.106089934402999916e+03,1.246336906704314851e+00
2.106139869763500428e+03,1.244081325697838469e+00
2.106174203248000140e+03,1.226025816090039688e+00
2.106227797930000634e+03,1.223263984308612162e+00
2.106267519279499993e+03,1.232106400590412321e+00
2.106314101881999704e+03,1.215116920890546570e+00
2.106349790960000064e+03,1.217303741074533985e+00
2.106388074822500130e+03,1.221021125340260305e+00
2.106429177914499633e+03,1.221646417569439036e+00
2.106466272741000466e+03,1.219864099157883075e+00
2.106482906103999994e+03,1.226012926003941850e+00
2.106521312730500085e+03,1.221021278785090702e+00
2.106565560775999984e+03,1.208587458399921433e+00
2.106617407224000090e+03,1.217506554145338482e+00
2.106646312730500085e+03,1.214676821471835311e+00
2.106684796101499614e+03,1.211208341368665842e+00
2.106724758395999743e+03,1.226890328037741007e+00
2.106764780254500238e+03,1.217577638909262516e+00
2.106800832552999964e+03,1.188750571438701664e+00
2.106834893818499950e+03,1.198451169908911540e+00
2.106882744653000373e+03,1.197906422150974093e+00
2.106904538770500039e+03,1.190116484114323470e+00
2.106963015877500311e+03,1.185394208526272752e+00
2.107019842324000365e+03,1.145089473226092114e+00
2.107050033973500376e+03,1.149180951846014986e+00
2.107084279047500786e+03,1.124707532584848790e+00
2.107111312730500231e+03,1.136945003619806549e+00
2.107142680638500224e+03,1.115254348445952948e+00
2.107175064003999978e+03,1.113473725402146730e+00
2.107210513107499992e+03,1.105242248879275690e+00
2.107247804207499485e+03,1.119693834853959791e+00
2.107281168145999800e+03,1.122694114334334969e+00
2.107327670329500506e+03,1.136194664002283083e+00
2.107353164299999662e+03,1.127295310784000693e+00
2.107405931980999412e+03,1.121031745455195905e+00
2.107454339819999859e+03,1.117983963484172616e+00
2.107487921355500475e+03,1.111384926614648716e+00
2.107532505017500171e+03,1.133041270545157353e+00
2.107572971750500074e+03,1.134645688587276657e+00
2.107625000000000000e+03,1.134845804503859412e+00
2.107647906104000413e+03,1.145954393686246187e+00
2.107687595624000096e+03,1.162059592936222741e+00
2.107716589870000007e+03,1.150430753655186322e+00
2.107747906104000322e+03,1.147445097426815996e+00
2.107770011628000248e+03,1.156489545742700686e+00
2.107832630670499384e+03,1.142218923120358109e+00
2.107863821822999853e+03,1.135844885482947708e+00
2.107914938750999681e+03,1.138709822415105322e+00
2.107955366369999865e+03,1.124777323457534672e+00
2.108000286195999706e+03,1.139693063195040379e+00
2.108027846052499626e+03,1.130085861899134292e+00
2.108050120114499805e+03,1.129235243678202938e+00
2.108087610781000421e+03,1.116918120832159245e+00
2.108118266700000277e+03,1.113441263411824256e+00
2.108160000000000764e+03,1.123120652467914038e+00
2.108204950621000080e+03,1.130605213289528344e+00
2.108233908354500272e+03,1.134096502772782511e+00
2.108267865713500214e+03,1.144771493149025154e+00
2.108306067562999942e+03,1.134654672729443980e+00
2.108330891073000203e+03,1.128807692669563378e+00
2.108384848122000221e+03,1.140868932201640096e+00
2.108421749489999911e+03,1.141078606720395960e+00
2.108454579537000427e+03,1.154140846005065724e+00
2.108483672008499980e+03,1.161734613663990112e+00
2.108541785450000134e+03,1.165116836346968165e+00
2.108565000000000055e+03,1.159428738646776313e+00
2.108599999999999454e+03,1.169615321377083017e+00
2.108641211236999879e+03,1.159651383808024905e+00
2.108670609919999606e+03,1.143487058768698272e+00
2.108704999999999472e+03,1.154761880215986247e+00
2.108754950620999807e+03,1.156426593095035704e+00
2.108801478706000125e+03,1.168406028681535869e+00
2.108823957883500043e+03,1.165120017681285480e+00
2.108857848662500146e+03,1.163083120609473387e+00
2.108875440781000634e+03,1.170012514044850072e+00
2.108920226294500480e+03,1.162686165472553768e+00
2.108942876629000239e+03,1.173933944504187643e+00
2.108982570356000451e+03,1.143619301323049342e+00
2.109014037435000319e+03,1.143625237109752391e+00
2.109053262953500052e+03,1.161159566681250643e+00
2.109082948575000046e+03,1.153683764240734266e+00
2.109124574891000520e+03,1.174384305114037463e+00
2.109159023668500140e+03,1.169100819974990602e+00
2.109181419373000153e+03,1.167388625710477523e+00
2.109215000000000146e+03,1.155108220038242761e+00
2.109260303571999884e+03,1.148343443425291710e+00
2.109304872175999662e+03,1.173915182452136330e+00
2.109337096861499958e+03,1.163963102249606196e+00
2.109362497381499907e+03,1.176975811998479893e+00
2.109395230182999967e+03,1.184071939845082078e+00
2.109428196024000499e+03,1.172554509740528106e+00
2.109465403321500162e+03,1.195613024726905227e+00
2.109524478379499669e+03,1.180461809077562485e+00
2.109550714880499982e+03,1.187884241883752745e+00
2.109590000000000146e+03,1.193691752505671388e+00
2.109621829351000088e+03,1.186634368980759469e+00
2.109674839336500099e+03,1.208410913542049325e+00
2.109716231855999922e+03,1.198968092953748510e+00
2.109738152673000059e+03,1.190854636084499596e+00
2.109764830859999620e+03,1.187866536172539345e+00
2.109805007859000398e+03,1.176090111362274149e+00
2.109832467800000359e+03,1.182712562262169920e+00
2.109875945057500303e+03,1.177185390002265741e+00
2.109904385945500053e+03,1.169031307342215387e+00
2.109930704926499857e+03,1.180014923078666067e+00
2.109967631763499867e+03,1.165235869856431350e+00
2.109994414227500329e+03,1.169616522526356839e+00
2.110047430825500214e+03,1.168888151026512778e+00
2.110084161787000085e+03,1.172997042719917671e+00
2.110109999999999673e+03,1.167433081593979516e+00
2.110130166796500362e+03,1.171002355736676437e+00
2.110155000000000200e+03,1.176637157325972183e+00
2.110216681018499912e+03,1.167436331863355825e+00
2.110241158609999729e+03,1.176786472528334793e+00
2.110273655234499984e+03,1.184189690372413395e+00
2.110309082479999688e+03,1.158082285288314583e+00
2.110333947409999382e+03,1.149226233847862488e+00
2.110379728447499929e+03,1.144313963683289304e+00
2.110417096262999621e+03,1.145488300854752284e+00
2.110463391089000197e+03,1.165026524568730348e+00
2.110484538245499607e+03,1.151213783141312508e+00
2.110507797652499903e+03,1.142855915433684144e+00
2.110574549474500145e+03,1.139745147663544511e+00
2.110599161786999957e+03,1.153910924473631638e+00
2.110620000000000346e+03,1.153516363126238620e+00
2.110655875999999807e+03,1.141630597060206975e+00
2.110679999999999836e+03,1.137804904190549804e+00
2.110723262953500125e+03,1.156500442976760246e+00
2.110740063669999927e+03,1.141498122039268370e+00
2.110774012512999889e+03,1.151033379675347579e+00
2.110818175546000020e+03,1.138749057692046041e+00
2.110831841398000506e+03,1.137787783022934374e+00
2.110873401787500370e+03,1.149122667845215995e+00
2.110902029816500544e+03,1.162615960733201614e+00
2.110933620232000067e+03,1.168647354065689870e+00
2.110963098408999940e+03,1.153918059559160048e+00
2.110984574890999738e+03,1.151590162157559050e+00
2.111044462323499829e+03,1.173318768756519193e+00
2.111078879487999984e+03,1.186497222520145556e+00
2.111090876000000208e+03,1.183631403834817908e+00
2.111119286138500229e+03,1.192539957167167985e+00
2.111153480820000368e+03,1.193188053933443182e+00
2.111199923508500433e+03,1.190336737507614373e+00
2.111228922952000175e+03,1.183467024292879977e+00
2.111265057653000440e+03,1.184383663069848547e+00
2.111285455621999972e+03,1.193275738866999447e+00
2.111307428230000369e+03,1.181985180434352856e+00
2.111341258232999735e+03,1.187222086493256556e+00
2.111379061362999892e+03,1.205587922974991955e+00
2.111414999999999509e+03,1.193848817899504144e+00
2.111444140805499956e+03,1.187132973735972818e+00
2.111461810791500284e+03,1.191162378353845197e+00
2.111520133840999733e+03,1.180885887272322465e+00
2.111554234902999724e+03,1.194843992479720063e+00
2.111565876000000117e+03,1.200635706675425185e+00
2.111621042438000586e+03,1.185778475003306243e+00
2.111644611036000242e+03,1.193815300866034157e+00
2.111667627400000129e+03,1.192524867407172673e+00
2.111678034929000205e+03,1.191934434800666187e+00
2.111703065013500236e+03,1.201074912904326331e+00
2.111741051084999981e+03,1.190864012949812034e+00
2.111756905836000442e+03,1.195605466410765816e+00
2.111788968914000179e+03,1.185767709077755194e+00
2.111828952603999824e+03,1.189530164579511329e+00
2.111852876874999765e+03,1.177389671810290306e+00
2.111878133664999950e+03,1.175251337063978996e+00
2.111909718530000191e+03,1.176854028030681398e+00
2.111954982759999439e+03,1.177077474955293912e+00
2.111994161786999484e+03,1.172742101184057528e+00
2.112007490080000025e+03,1.179440718012788381e+00
2.112042934925000282e+03,1.182754652644089521e+00
2.112072002814000371e+03,1.198887174208164152e+00
2.112107701733999875e+03,1.202004414894292550e+00
2.112136075514000368e+03,1.190415120530963877e+00
2.112163315329500165e+03,1.176830487970671468e+00
2.112188412604000405e+03,1.181685654610239444e+00
2.112210068624000087e+03,1.176938543845532870e+00
2.112237378506999903e+03,1.182920368074823925e+00
2.112287398514499728e+03,1.187180796386561710e+00
2.112319999999999709e+03,1.183046913693615476e+00
2.112351534377999997e+03,1.158544853804516217e+00
2.112371971454999766e+03,1.178144144560201445e+00
2.112410000000000309e+03,1.191175889614917605e+00
2.112432243246000326e+03,1.195763001163050676e+00
2.112461614080000345e+03,1.212872294279433882e+00
2.112511007765000159e+03,1.189281969888052792e+00
2.112538521993999893e+03,1.201339448085183781e+00
2.112563223315499727e+03,1.207173065841042892e+00
2.112590155884499836e+03,1.210336480517986368e+00
2.112623234153500562e+03,1.206989034896371438e+00
2.112648616790999768e+03,1.190255612411732944e+00
2.112673766228000204e+03,1.184723972697644179e+00
2.112706411934999778e+03,1.188357303296590617e+00
2.112748728577499605e+03,1.191602440096781068e+00
2.112786643999999797e+03,1.188981611289239737e+00
2.112807469392499570e+03,1.182470280382462491e+00
2.112844441927999924e+03,1.193789676428498314e+00
2.112886421749999954e+03,1.196507776233925568e+00
2.112904677671000172e+03,1.185479888944107829e+00
2.112939134080000258e+03,1.193377452069317224e+00
2.112970703503000095e+03,1.185559573166933278e+00
2.112998378472000240e+03,1.180810991861508175e+00
2.113027272465500118e+03,1.173950628313192412e+00
2.113064785465500336e+03,1.173196958381587773e+00
2.113090000000000600e+03,1.174265728018997423e+00
2.113120452068000304e+03,1.158427886087836534e+00
2.113136915573500119e+03,1.157609426883044135e+00
2.113175567126500027e+03,1.170006270102170287e+00
2.113214764959499917e+03,1.166637325408903747e+00
2.113251643999999942e+03,1.165492750721359050e+00
2.113288457250499960e+03,1.138263492852893410e+00
2.113311987251500341e+03,1.149142188996038927e+00
2.113336421749999317e+03,1.163765991764745822e+00
2.113359677670999645e+03,1.164723523623043322e+00
2.113397146390500438e+03,1.174866376468562068e+00
2.113436192600500362e+03,1.153825546861050100e+00
2.113454078650000156e+03,1.155215100336544509e+00
2.113480065435000142e+03,1.156702023674272661e+00
2.113512918299499688e+03,1.156196093870633490e+00
2.113547744505500305e+03,1.149254083689133843e+00
2.113574553501500304e+03,1.137249944890305287e+00
2.113597551004500019e+03,1.121282433449328320e+00
2.113628653499999928e+03,1.140320191079127632e+00
2.113654437479500302e+03,1.140944942016022479e+00
2.113695800582499942e+03,1.127150180640222876e+00
2.113717933720000474e+03,1.123219402867985828e+00
2.113752278849000504e+03,1.120676510474482690e+00
2.113769786537500295e+03,1.122056120496437437e+00
2.113807575581499805e+03,1.131674770709669042e+00
2.113838473107499794e+03,1.132800732024123791e+00
2.113871233527000186e+03,1.110859909753955543e+00
2.113887522706000254e+03,1.103160285583356215e+00
2.113915272372000345e+03,1.103883852223386919e+00
2.113951324873999965e+03,1.089673478798475204e+00
2.113995595018500353e+03,1.082043103182175336e+00
2.114016922356499890e+03,1.055394109395926705e+00
2.114033784776499488e+03,1.050538513782281358e+00
2.114052461856999344e+03,1.050767093752680514e+00
2.114094832934999886e+03,1.065932648109194414e+00
2.114134606579999854e+03,1.061272533708446986e+00
2.114162438097499944e+03,1.054440741318130481e+00
2.114178856073999668e+03,1.051213259201200456e+00
2.114190422001499883e+03,1.051878395924462417e+00
2.114229145667000012e+03,1.052205208935786729e+00
2.114268998438500148e+03,1.031134867490950402e+00
2.114301941959000487e+03,1.029311410121982684e+00
2.114314995695499874e+03,1.026289415363462521e+00
2.114352546199999779e+03,1.031670213793596469e+00
2.114383248837500105e+03,1.040367547957150585e+00
2.114427317723999749e+03,1.012543399601626870e+00
2.114439413312499710e+03,1.007105946947760566e+00
2.114456014848499763e+03,9.968691796192691301e-01
2.114493847000499954e+03,1.007820316367702196e+00
2.114544907939000041e+03,1.040810127533436269e+00
2.114576634493500023e+03,1.024529639452024687e+00
2.114594999999999800e+03,1.023950682406152835e+00
2.114621616994499618e+03,1.028466836295387266e+00
2.114653652445999342e+03,1.047287116143551300e+00
2.114688458059999903e+03,1.059806890068501595e+00
2.114725669225999809e+03,1.061842431404587561e+00
2.114754718602500361e+03,1.047909256384839782e+00
2.114779253730000164e+03,1.062777321432224253e+00
2.114826442704000328e+03,1.066841477306620600e+00
2.114866093226500197e+03,1.054780953439801827e+00
2.114901091812000232e+03,1.067812722586938046e+00
2.114940122277999762e+03,1.059645460856724508e+00
2.114948784776499906e+03,1.057393033807652705e+00
2.114973847000499973e+03,1.052714904237387783e+00
2.115026294762999896e+03,1.061794393456965580e+00
2.115052638944999671e+03,1.064764973957076810e+00
2.115090802884999903e+03,1.067802077608481337e+00
2.115129954635499871e+03,1.094220893773489189e+00
2.115161038060999999e+03,1.106649479249033785e+00
2.115198150695499862e+03,1.085899628452320798e+00
2.115229557924500568e+03,1.095696895892059874e+00
2.115269329929500145e+03,1.086308772417640789e+00
2.115310587714499889e+03,1.102844698950007585e+00
2.115344413929999973e+03,1.096042859172306372e+00
2.115387871556999926e+03,1.089781097584602509e+00
2.115421805033999590e+03,1.095938017272736875e+00
2.115460917623999649e+03,1.119571470705603478e+00
2.115480592018999687e+03,1.116584796781409539e+00
2.115502836980999746e+03,1.125752937106459628e+00
2.115554694287499842e+03,1.119720346919746090e+00
2.115591415739999775e+03,1.117269223968562208e+00
2.115623686325000108e+03,1.137626170078810395e+00
2.115673194219500601e+03,1.145787950184319337e+00
2.115722613491000175e+03,1.161185008464544088e+00
2.115764611099999911e+03,1.150331165630526176e+00
2.115801074555499781e+03,1.152314781232228080e+00
2.115844958213499922e+03,1.146558293261648265e+00
2.115875592019000123e+03,1.138669799983068609e+00
2.115907203133999701e+03,1.152720646745315269e+00
2.115940550256999813e+03,1.143624153558595369e+00
2.115984066005000386e+03,1.147448279077147415e+00
2.116028364787499868e+03,1.153497762125527792e+00
2.116042673487499997e+03,1.163453173948633124e+00
2.116080404068499774e+03,1.175586001173533734e+00
2.116114649596000163e+03,1.159534880316299255e+00
2.116148574753499815e+03,1.158443014897618140e+00
2.116184294610499819e+03,1.146179097918724743e+00
2.116232673487500051e+03,1.150785541584967486e+00
2.116271174272999815e+03,1.157108849307540099e+00
2.116308161238499906e+03,1.158511781236217786e+00
2.116335385726999903e+03,1.157825292361071012e+00
2.116363180724500126e+03,1.143942028917872999e+00
2.116385616501499499e+03,1.127154188718272332e+00
2.116437744020499395e+03,1.126545553236770303e+00
2.116484510150500228e+03,1.116296969491844537e+00
2.116515000000000327e+03,1.136342817991167209e+00
2.116535000000000309e+03,1.133699695686696707e+00
2.116553294293500130e+03,1.143230912978911107e+00
2.116586179943999923e+03,1.142485605757234346e+00
2.116642167519999930e+03,1.157485740437706356e+00
2.116675961785500022e+03,1.155014311113494729e+00
2.116699294610499692e+03,1.155066264631978257e+00
2.116737738409499798e+03,1.142998780980086337e+00
2.116791475115999674e+03,1.136301553815964205e+00
2.116839188448999721e+03,1.128398861005358800e+00
2.116868778648999978e+03,1.134307380969025392e+00
2.116901888468999914e+03,1.103690380677469829e+00
2.116920130683499792e+03,1.112262284772415288e+00
2.116956475116000092e+03,1.129720953565291897e+00
2.116983666095999979e+03,1.120318456948115937e+00
2.117034799892499905e+03,1.127640509689082249e+00
2.117067935373499949e+03,1.121415258157419492e+00
2.117108367402999647e+03,1.143529280987152896e+00
2.117132119802500256e+03,1.135978411407092326e+00
2.117169514142499793e+03,1.133193123823492021e+00
2.117217258652500277e+03,1.141718641981864346e+00
2.117260047892999864e+03,1.142870910587173716e+00
2.117300000000000182e+03,1.120267825120399907e+00
2.117329491525500089e+03,1.125091256809876317e+00
2.117369820574499954e+03,1.117714392526726108e+00
2.117400561165999989e+03,1.129803043029292908e+00
2.117418595850999736e+03,1.124641487600426260e+00
2.117450722702499661e+03,1.119695389124401030e+00
2.117467744020499595e+03,1.127143380980277776e+00
2.117506983590499658e+03,1.121042588793690786e+00
2.117573004568000215e+03,1.136041417266738573e+00
2.117610332040999765e+03,1.135000776023921132e+00
2.117648809557500044e+03,1.148856386980292354e+00
2.117681232293999983e+03,1.155043831374649832e+00
2.117724524685500455e+03,1.154286437790203346e+00
2.117766899896999803e+03,1.156310391469062893e+00
2.117808686325000053e+03,1.151937091423873349e+00
2.117844661016500140e+03,1.133506703677361838e+00
2.117889364673000273e+03,1.130735637666834048e+00
2.117929742168999837e+03,1.123953482809558757e+00
2.117958454600499863e+03,1.119561308628522101e+00
2.117981023411999558e+03,1.111153024639865983e+00
2.118006545374500092e+03,1.116752712260812075e+00
2.118042551425999591e+03,1.111071244899467958e+00
2.118063991730999533e+03,1.122769124215340808e+00
2.118132351075999850e+03,1.100104835373328482e+00
2.118178952639999807e+03,1.108270392629439716e+00
2.118215891025999554e+03,1.095294011248984845e+00
2.118247814490499422e+03,1.088736849987879340e+00
2.118289631302499856e+03,1.096040585714647575e+00
2.118324618449999889e+03,1.100682485764474583e+00
2.118375121318000311e+03,1.105573819631206378e+00
2.118391443477999928e+03,1.097821528723554652e+00
2.118444873147499493e+03,1.119365530100563610e+00
2.118490561166000134e+03,1.109112967266316474e+00
2.118522420822499953e+03,1.105069001204068257e+00
2.118560009750999598e+03,1.118588835499409129e+00
2.118580028786999719e+03,1.125865169647422004e+00
2.118634661869000411e+03,1.146474860481529801e+00
2.118678991731000224e+03,1.136299114300961977e+00
2.118712879497500126e+03,1.126093532095614247e+00
2.118773761328500314e+03,1.148933616158940962e+00
2.118812424409999949e+03,1.148237106707717281e+00
2.118841983590500149e+03,1.156445112944958442e+00
2.118900007446000473e+03,1.125312525926463803e+00
2.118921157764000327e+03,1.118576720884829401e+00
2.118970809409500362e+03,1.113604132448374973e+00
2.119005058330499651e+03,1.104795912404526570e+00
2.119064897928999926e+03,1.113161354297441452e+00
2.119104742169000019e+03,1.103291590817978118e+00
2.119130778919999557e+03,1.097186638822667204e+00
2.119159926727000311e+03,1.094609301732270668e+00
2.119190101896500437e+03,1.112608121855475307e+00
2.119233211534499787e+03,1.135306337932179943e+00
2.119263991730999805e+03,1.136235165751899867e+00
2.119315528206499948e+03,1.086576930616167447e+00
2.119379083618500317e+03,1.081017759675731105e+00
2.119418614852500014e+03,1.079031070285791261e+00
2.119449999999999818e+03,1.083282050068229196e+00
2.119495639571499851e+03,1.077287371668933513e+00
2.119522203068499493e+03,1.082266684727553052e+00
2.119561144030999913e+03,1.072252269996519791e+00
2.119590000000000146e+03,1.090366910723193472e+00
2.119645533256000363e+03,1.094784383071701894e+00
2.119684623121499953e+03,1.088170777477346585e+00
2.119725778919999811e+03,1.091634831622258384e+00
2.119755475350999859e+03,1.081735851221363731e+00
2.119794999999999618e+03,1.084654322814464278e+00
2.119837766627999827e+03,1.090311924184729886e+00
2.119867389749500035e+03,1.080089115267933275e+00
2.119902754069500133e+03,1.069812614536514106e+00
2.119945130978500401e+03,1.055058855935045781e+00
2.119991832390999662e+03,1.032427923981922069e+00
2.120017766628000572e+03,1.020188269849884311e+00
2.120057766628000081e+03,1.002378559078022757e+00
2.120088068873500106e+03,1.024261606237201638e+00
2.120111144031000549e+03,1.029546743189822422e+00
2.120156443478000256e+03,1.035708275330903705e+00
2.120198141351499999e+03,1.039487772222710937e+00
2.120244623121499444e+03,1.051540652982897672e+00
2.120274999999999636e+03,1.044928227200330406e+00
2.120309999999999491e+03,1.064377752492040807e+00
2.120355000000000473e+03,1.090172004777255399e+00
2.120383179854500213e+03,1.084045691047947235e+00
2.120431758359000014e+03,1.086932841702298091e+00
2.120479346508000162e+03,1.119675465795448410e+00
2.120529513032500290e+03,1.117416972826034138e+00
2.120599999999999909e+03,1.143241006962272266e+00
2.120614999999999782e+03,1.136342817991177645e+00
2.120660561166000207e+03,1.141576153271621319e+00
2.120716641902499759e+03,1.174724776472166887e+00
2.120750465600000098e+03,1.168517538971440395e+00
2.120805000000000291e+03,1.179607985730890762e+00
2.120867734947999907e+03,1.144217046032256713e+00
2.120919623121500081e+03,1.131093069049015742e+00
2.120945778920000066e+03,1.143401084838989057e+00
2.121022533571499480e+03,1.142971774739556023e+00
2.121074999999999818e+03,1.144497706419721705e+00
2.121102766627999699e+03,1.142149518749306925e+00
2.121122766627999681e+03,1.144113131669818539e+00
2.121206608700000743e+03,1.207380741234377552e+00
2.121283547232499586e+03,1.206474405686550178e+00
2.121351405261500076e+03,1.189892892701681193e+00
2.121375519550000718e+03,1.203807719784108388e+00
2.121425000000000182e+03,1.190325585711726530e+00
2.121476143100000172e+03,1.217802324630156585e+00
2.121515678431000197e+03,1.235275892330865322e+00
2.121563622877000853e+03,1.246027173025542556e+00
2.121620376479500010e+03,1.255758963150354512e+00
2.121676839434999692e+03,1.268888496145900158e+00
2.121720000000000255e+03,1.254432142445417009e+00
2.121798416254000131e+03,1.257224390463604680e+00
2.121870832468000117e+03,1.247662437334865260e+00
2.121900004979499499e+03,1.242514632620996595e+00
2.121941839435000020e+03,1.245242191343195248e+00
2.122011143099999572e+03,1.281734912091612388e+00
2.122079281225000159e+03,1.293746797924007819e+00
2.122142249103500035e+03,1.298765530578088523e+00
2.122178935804000048e+03,1.307233724824620413e+00
2.122235000000000127e+03,1.317298371668321977e+00
2.122279999999999745e+03,1.324235628579754076e+00
2.122314746824999929e+03,1.335765765991829168e+00
2.122390291162499580e+03,1.327547523692410580e+00
2.122426588725499641e+03,1.313055406694822125e+00
2.122485420257499754e+03,1.328102776001682361e+00
2.122529999999999745e+03,1.324424403278634088e+00
2.122597799910499816e+03,1.322327468488891489e+00
2.122639999999999873e+03,1.342162434282797134e+00
2.122652015349999601e+03,1.339777673295616367e+00
2.122691107985499457e+03,1.358661769837630429e+00
2.122771143099999790e+03,1.359156677088587450e+00
2.122818664881499899e+03,1.354444385665541040e+00
2.122877249103500162e+03,1.337894136795895861e+00
2.122923437473999911e+03,1.339186516677345340e+00
2.123006437536500471e+03,1.351432727837788894e+00
2.123055000000000291e+03,1.357377987150261367e+00
2.123080000000000382e+03,1.364404632064848633e+00
2.123140832468000099e+03,1.368885345387403474e+00
2.123171409129500262e+03,1.366320795729899729e+00
2.123238618946000315e+03,1.368072215552688542e+00
2.123269999999999527e+03,1.380253599886640314e+00
2.123329383656499886e+03,1.351445369268397867e+00
2.123394999999999527e+03,1.312430950564589249e+00
2.123409248721999575e+03,1.311340162973933410e+00
2.123460151586499705e+03,1.302073652700689532e+00
2.123533957701000418e+03,1.310674286269052802e+00
2.123559281225000177e+03,1.320874086027315819e+00
2.123614458694500172e+03,1.295911622789660100e+00
2.123652085456000350e+03,1.301459286112226277e+00
2.123702053880000221e+03,1.292336655070196239e+00
2.123743957700999999e+03,1.292093204945765406e+00
2.123782313374999831e+03,1.287918608598350945e+00
2.123823901017000026e+03,1.261768667839714642e+00
2.123865000000000236e+03,1.251509089060113933e+00
2.123914725631000238e+03,1.265105541631035724e+00
2.123960000000000036e+03,1.243945336419532088e+00
2.124005113285499647e+03,1.195955972560543312e+00
2.124038901016999716e+03,1.201273380139608715e+00
2.124063314257999991e+03,1.207319138101205835e+00
2.124114383656499740e+03,1.208531027906155408e+00
2.124185868730999573e+03,1.172438790667719610e+00
2.124224999999999454e+03,1.137925744501835146e+00
2.124267790409000099e+03,1.131940617428307760e+00
2.124325086796000505e+03,1.106039012276260225e+00
2.124367053880000185e+03,1.087509710135050822e+00
2.124400767930000256e+03,1.074749415730565705e+00
2.124417313375000049e+03,1.076787516701359637e+00
2.124464733485000579e+03,1.055513973254163407e+00
2.124496588725500260e+03,1.056947102498799973e+00
2.124542607365000549e+03,1.041600458045141009e+00
2.124570279568500609e+03,1.045549698877278999e+00
2.124609910640500402e+03,1.006297840772958807e+00
2.124658621448500071e+03,1.011630293862616936e+00
2.124685898044000169e+03,9.991197583357742662e-01
2.124704999999999927e+03,9.891789524651730670e-01
2.124745005199499701e+03,9.900121015739009600e-01
2.124779191865499797e+03,9.896604267394096821e-01
2.124813080142999752e+03,9.685596405342424831e-01
2.124862934805999885e+03,9.673892533612382660e-01
2.124904999999999745e+03,9.478792117142299523e-01
2.124930820480999500e+03,9.264776891713848439e-01
2.124962313375000122e+03,9.333138686283127816e-01
2.124998901016999753e+03,9.009815654008227481e-01
2.125042934805999721e+03,9.240051067818749742e-01
2.125083957701000145e+03,9.209224785979103212e-01
2.125112382929500200e+03,9.127867008404167981e-01
2.125144294296999760e+03,9.224140945794208069e-01
2.125183621448500617e+03,9.245097784964340093e-01
2.125213314258000537e+03,9.372815520564875547e-01
2.125249383656500413e+03,8.860989477236216327e-01
2.125287050810000437e+03,8.809632003835039527e-01
2.125317597265499899e+03,8.845574998882247408e-01
2.125356018264500563e+03,8.839982193914353026e-01
2.125400020261999998e+03,8.577776613139524997e-01
2.125432053880000240e+03,8.550600009578689376e-01
2.125450820480999937e+03,8.520021175397963775e-01
2.125477597265499753e+03,8.457013927199469316e-01
2.125516018264500417e+03,8.342223967546759100e-01
2.125539999999999964e+03,8.522910301064889893e-01
2.125570767930000329e+03,8.487575333469641325e-01
2.125601562448499863e+03,8.513432857828167055e-01
2.125634910640500493e+03,8.450997167904298335e-01
2.125673621448499944e+03,8.430120467737018952e-01
2.125699999999999818e+03,8.264381404558216460e-01
2.125730000000000018e+03,8.432674546074170330e-01
2.125768957700999636e+03,8.392563143741191833e-01
2.125802597265499571e+03,8.418121067515331735e-01
2.125821018264499799e+03,8.541843278251759486e-01
2.125864217685999847e+03,8.512259240365244173e-01
2.125909999999999854e+03,8.601744009211034214e-01
2.125920820480999737e+03,8.521950223700769378e-01
2.125962542336000297e+03,8.618508144384829928e-01
2.125984129978000055e+03,8.732334689075182954e-01
2.126041282879999926e+03,8.709528755568921587e-01
2.126095000000000255e+03,8.540930862616589181e-01
2.126121282880000308e+03,8.628752231004994666e-01
2.126149799057499877e+03,8.724859137771056039e-01
2.126185228961000121e+03,8.668978174327193198e-01
2.126212481790000311e+03,8.674886676784315798e-01
2.126240000000000236e+03,8.800000000000072209e-01
2.126260767930000384e+03,8.829663679966563983e-01
2.126297167361999982e+03,8.770158807730646933e-01
2.126336439478999637e+03,8.692398794625297853e-01
2.126391282879999835e+03,8.933985087522833268e-01
2.126414999999999964e+03,8.990411558988733454e-01
2.126419999999999618e+03,8.925245094673535107e-01
2.126460579065999809e+03,9.088240755479051192e-01
2.126503919087500435e+03,9.129055990420333888e-01
2.126539999999999964e+03,9.302687783645990915e-01
2.126568270826500338e+03,9.369247759392450581e-01
2.126595556075999866e+03,9.393702201678594266e-01
2.126650107349500104e+03,9.422289992183903173e-01
2.126706890360499528e+03,9.663868843429996858e-01
2.126740362665999783e+03,9.451843659974088485e-01
2.126778270826499465e+03,9.576295153340054211e-01
2.126796016317499834e+03,9.531868262719448426e-01
2.126855276507500093e+03,9.634992791105572163e-01
2.126901779654500388e+03,9.957401334925128911e-01
2.126954580352000448e+03,9.991542048428414535e-01
2.127000421214499966e+03,9.847647217032989841e-01
2.127006560290999914e+03,9.890502875688972351e-01
2.127072300345999793e+03,1.011368560119432658e+00
2.127109856313000364e+03,1.010715922331739014e+00
2.127154999999999745e+03,1.013151025267210903e+00
2.127182038445999751e+03,1.027838237398915444e+00
2.127205964677999873e+03,1.029404601808817432e+00
2.127261567883999305e+03,1.027971396873017529e+00
2.127309999999999491e+03,1.027083248816704542e+00
2.127346827604999817e+03,1.044155845680076578e+00
2.127373346404999666e+03,1.052721259594335601e+00
2.127400145100500140e+03,1.059200038699706692e+00
2.127440868091999619e+03,1.045119310001274782e+00
2.127467797919000077e+03,1.028804916027158844e+00
2.127511741446499855e+03,1.040750800522098451e+00
2.127540421214499929e+03,1.037162786379898893e+00
2.127575739810000414e+03,1.060152059639480449e+00
2.127630342211499737e+03,1.063539770759942549e+00
2.127668268911999803e+03,1.064323334033242752e+00
2.127705553015000078e+03,1.068291366285582189e+00
2.127749951951499497e+03,1.063388819359705195e+00
2.127783501327999147e+03,1.070730459951247493e+00
2.127840276507499766e+03,1.066635430253220829e+00
2.127880000000000109e+03,1.067520491606571253e+00
2.127904754671500086e+03,1.057692459868592172e+00
2.127955737600000248e+03,1.056197271224280865e+00
2.127991906299000220e+03,1.056496279060922028e+00
2.128038270826499684e+03,1.057455344616907267e+00
2.128056358440000622e+03,1.056877836566477269e+00
2.128089209946499977e+03,1.052170450864913009e+00
2.128132824094499938e+03,1.033712887652666890e+00
2.128164346703500087e+03,1.057654571089727158e+00
2.128223163558000124e+03,1.059697515191575068e+00
2.128255228960999830e+03,1.058188984694888868e+00
2.128293622912499814e+03,1.043994779159078679e+00
2.128326681124999595e+03,1.061330668663974075e+00
2.128358005134999985e+03,1.064096355114652281e+00
2.128395783413499430e+03,1.064220364617070480e+00
2.128414999999999964e+03,1.067836597986748792e+00
2.128447461902999748e+03,1.066394487089812548e+00
2.128487402879999991e+03,1.072018517197139031e+00
2.128528086768999856e+03,1.069847244429972699e+00
2.128553270826500011e+03,1.057860035431857026e+00
2.128600421214499875e+03,1.065088574115506281e+00
2.128655276507499821e+03,1.053724553119353979e+00
2.128676358440000058e+03,1.056269991917539786e+00
2.128718662814500021e+03,1.080279267778390340e+00
2.128769898141999420e+03,1.065361782648344136e+00
2.128824997240999892e+03,1.067235191173112829e+00
2.128853077787499842e+03,1.073001523929898005e+00
2.128883608377000201e+03,1.069393588603814615e+00
2.128935759107499962e+03,1.085469912888447297e+00
2.128983611227499750e+03,1.062994946090259019e+00
2.129031728328999634e+03,1.039624154183362403e+00
2.129068681416999425e+03,1.037892534397272915e+00
2.129113047270499919e+03,1.036439766303782539e+00
2.129143826578999779e+03,1.051203413977136014e+00
2.129175000000000182e+03,1.041093175465097831e+00
2.129226358439999785e+03,1.055088627474185525e+00
2.129256923222500518e+03,1.057616930849438530e+00
2.129295209094500024e+03,1.061994163551062131e+00
2.129337923004499771e+03,1.057365817959800003e+00
2.129396269317000133e+03,1.054046303069058110e+00
2.129436728329000289e+03,1.052422650588395570e+00
2.129463511185499556e+03,1.038390951899422099e+00
2.129493508315500549e+03,1.059946576245395233e+00
2.129539405290500326e+03,1.070767423691817433e+00
2.129560000000000400e+03,1.064142847553859017e+00
2.129593891125000482e+03,1.060313868022857653e+00
2.129637678256000527e+03,1.061360393981777062e+00
2.129686088079999990e+03,1.061431030658020136e+00
2.129734429786500186e+03,1.032186393569668015e+00
2.129753270826499829e+03,1.034996556015518099e+00
2.129813891124999827e+03,1.048595920133972959e+00
2.129860986412999864e+03,1.045094167084368753e+00
2.129885121913999683e+03,1.042369164015387817e+00
2.129937572476499554e+03,1.043634371176491049e+00
2.129988334719999784e+03,1.035012854215863864e+00
2.130041001512500770e+03,1.033480194604500690e+00
2.130064731382500213e+03,1.031281494778660601e+00
2.130100401224500274e+03,1.025478261545254677e+00
2.130156932139999753e+03,1.040961571583497669e+00
2.130180000000000291e+03,1.035181143568608908e+00
2.130219584119500269e+03,1.037654344189839151e+00
2.130257293315999959e+03,1.030652930698238823e+00
2.130293490959999872e+03,1.022845702638455867e+00
2.130319894515000215e+03,1.021878134476615685e+00
2.130349999999999909e+03,1.018577439373190563e+00
2.130386419810999541e+03,1.019823274052642947e+00
2.130409139345499625e+03,1.024025872453636410e+00
2.130439281340500202e+03,1.020363608312001125e+00
2.130492840154000078e+03,1.015812085123019459e+00
2.130531213317000038e+03,1.003294169824946458e+00
2.130569273183500172e+03,1.008128001987989908e+00
2.130578346405000048e+03,1.004264205451986802e+00
2.130610517866499777e+03,1.004679426690345823e+00
2.130675749293000081e+03,1.006921924133114210e+00
2.130690000000000055e+03,1.006429331846022235e+00
2.130720310936000260e+03,9.837183810354218627e-01
2.130770518688999800e+03,9.730144891540460916e-01
2.130796088079999663e+03,9.572984358305500763e-01
2.130835330892499769e+03,9.615471054135865669e-01
2.130860000000000127e+03,9.718024490605361443e-01
2.130904999999999745e+03,9.562818622142799097e-01
2.130943961206000495e+03,9.608367495495159227e-01
2.130976122260500233e+03,9.626826940814956490e-01
2.131048312653499579e+03,9.550850384848681429e-01
2.131078334720000385e+03,9.531956351096968483e-01
2.131121001512500243e+03,9.418694419291135933e-01
2.131147325865500534e+03,9.412125874789706304e-01
2.131165644390500347e+03,9.470965841946786812e-01
2.131219796902999860e+03,9.438164065550223025e-01
2.131230000000000018e+03,9.482088377566970649e-01
2.131251419811000233e+03,9.475274335181300689e-01
2.131302731039500031e+03,9.457006925273800935e-01
2.131331088079999972e+03,9.433350675362378590e-01
2.131363087683000231e+03,9.316465040621085825e-01
2.131394999999999982e+03,9.270787453070212791e-01
2.131460000000000491e+03,9.382963284592400477e-01
2.131505921607499658e+03,9.795469570356516442e-01
2.131537859226499677e+03,9.695459710668014042e-01
2.131596925549999924e+03,9.726886271825854191e-01
2.131635000000000218e+03,9.840096544241657694e-01
2.131664999999999964e+03,9.784043131548589844e-01
2.131704338778500187e+03,1.005941663132837283e+00
2.131742886781000379e+03,1.023429621858753968e+00
2.131823102382999878e+03,1.035110626699030201e+00
2.131858730434999870e+03,1.063386067667999590e+00
2.131898891125000318e+03,1.050667603227356084e+00
2.131952089248999982e+03,1.033542311164006522e+00
2.132001798700999643e+03,1.052705066291369729e+00
2.132053991929999484e+03,1.075017566677713532e+00
2.132113929297999675e+03,1.106502358828397758e+00
2.132179999999999836e+03,1.118302284715558592e+00
2.132236881574499876e+03,1.139728144472414773e+00
2.132295334034000007e+03,1.152104485164239245e+00
2.132372842100000526e+03,1.156716222379476688e+00
2.132454240246499921e+03,1.189165326479617146e+00
2.132513512514499780e+03,1.208398617775973571e+00
2.132557668906000345e+03,1.234010488538361150e+00
2.132611798701000225e+03,1.258130971471368431e+00
2.132673852420000003e+03,1.267548330777676924e+00
2.132737771818499368e+03,1.316171646041944143e+00
2.132790659141999640e+03,1.330473482618488967e+00
2.132863429439999436e+03,1.350505810174662091e+00
2.132903045283999745e+03,1.360738939825321125e+00
2.132950779089000207e+03,1.381507048911203572e+00
2.133035672406999765e+03,1.411161579404374811e+00
2.133109253342000102e+03,1.427250119644494220e+00
2.133184083702499720e+03,1.463489910042272690e+00
2.133245626321500367e+03,1.479706147061510935e+00
2.133335759079500349e+03,1.462189499571997509e+00
2.133408314432500447e+03,1.470428285829487036e+00
2.133478492672999892e+03,1.496551478164163118e+00
2.133534074084999702e+03,1.496930377172946303e+00
2.133591038031999688e+03,1.525421319766134376e+00
2.133663102383000023e+03,1.530959581460359376e+00
2.133756077930499941e+03,1.592446589526352207e+00
2.133815000000000055e+03,1.629808270932509462e+00
2.133881342591000248e+03,1.644548900179163997e+00
2.133956210546000420e+03,1.681072045282974825e+00
2.134101002147499912e+03,1.800535687086097347e+00
2.134224220397500176e+03,1.837813901614032908e+00
2.134354253341999538e+03,1.892214861596100750e+00
2.134432636896499844e+03,1.919124459231018154e+00
2.134553492673000164e+03,1.987908971720121931e+00
2.134682606474500062e+03,2.083204805103534785e+00
2.134805214838999746e+03,2.147141543483028769e+00
2.134923005988500336e+03,2.265194770988617545e+00
2.135081766673499715e+03,2.376035871170028901e+00
2.135192227735499728e+03,2.424302526818255643e+00
2.135280000000000200e+03,2.444913086389838508e+00
2.135485921941000015e+03,2.581941597884657824e+00
2.135681467941999927e+03,2.749254659555132374e+00
2.135919253342000047e+03,2.918036860970961044e+00
2.136203438281499530e+03,3.179139850992139138e+00
2.136517017924000356e+03,3.462072504822182317e+00
2.136811638771499929e+03,3.684473385760689279e+00
2.137076954626499628e+03,3.844044050620164299e+00
2.137393181469999945e+03,4.095730259600929735e+00
2.137836270838500241e+03,4.483990104220122674e+00
2.138155000000000200e+03,4.668241103456391095e+00
2.138502338683000289e+03,4.856590214260275928e+00
2.138848766657500164e+03,5.183034400839967581e+00
2.139204890104999777e+03,5.424261066118723384e+00
2.139576057943999785e+03,5.742099041537968240e+00
2.139734999999999673e+03,5.779643155074541738e+00
2.140192278425500263e+03,6.107826388643182725e+00
2.140656217158500112e+03,6.372806384111726175e+00
2.140994143447000170e+03,6.599690831704815075e+00
2.141544253342000502e+03,6.838509634743927812e+00
